# Resource object code (Python 3)
# Created by: object code
# Created by: The Resource Compiler for Qt version 6.11.1
# WARNING! All changes made in this file will be lost!

from PySide6 import QtCore

qt_resource_data = b"\
\x00\x00\x02\xbc\
\x89\
PNG\x0d\x0a\x1a\x0a\x00\x00\x00\x0dIHDR\x00\
\x00\x00 \x00\x00\x00 \x08\x06\x00\x00\x00szz\xf4\
\x00\x00\x00\x04sBIT\x08\x08\x08\x08|\x08d\x88\
\x00\x00\x00\x09pHYs\x00\x00\x0e\xc4\x00\x00\x0e\xc4\
\x01\x95+\x0e\x1b\x00\x00\x02^IDATX\x85\xed\
\x96\xcbK\x94Q\x1c\x86\x9f\xdf9\xdf\xcc\xe8\x0cVR\
h%\x99\xe1d7\x8bj\x1d\x81V\xe0\xa2uPm\
\x82\xfe\x83VE\xdbvQF\x9b\xda\x14\xdd \x88\x84\
\x82.X\x8b\x88\xf6\x06\x85\x85\x93\x16\xdd\x09!/\xa3\
\xd3\xe4|\xf3\xbd-,\xc9E\xd0\xe7\xd4@\xe4\xb3:\
\x9b\xf7<\xef\x0f\xce9\x1c\x98g\x9e\xff\x1d\xfb\xb1\x10\
\xb8\xa1u\xab\xbb\xcc\xb9\xed`+$\xea\xcc\x94\xc6T\
\x8b\xacV\xa2\xc6\x1cI \x89\xcc\x0by\x03\x07H \
P\x19\xac\x04\x94\x10%3\xbe\x00\x05\x8c\x02\xa2\x80\x18\
\x97\xf1\xde\xa2\xe8n\xeb\xf3\x17\x8ff\x15\xc8e\xb3\x0b\
|\xca\xdf\xc6l[5\xa6\x96t\xad\xb5\x7f`\xbfA\
\xe8\x00|*8V-9\x80\x99\xed\x19\xda\xd0v\x08\
\xc0\xe5\xb2\xd9\x14p\xa0Z\xf2\x9fj\x1c\x04p\x16h\
+F]\xf5\x0b\xb0\xfa\xd5\xfa\x95K\x9d\xb9`M\x9c\
\x94_\xbc\xa4l\xe9LT\xa9\xdd\xccLJ\xb69P\
c\x9c`\xb2\xbd\x9d\x15wzU\xb7w_\x88\xf7\x15\
\x15\x91\xb9\x06\xe7\x9c[\x107\xe8\xeb\xeb\xfd\x92\xc3G\
\x83\xa6\x1b\xb7\x94\xde\xb9+\x9c\xbe\x86\xf1\x89L\x8b\x9c\
\x22\xa5\xe7\x12\x06H67\xfb\xc6\x13\xa7\x82\xe5W\xae\
\x96S\x9b\xb7\x84q\xf3N\xd49L5s-\xf0\x83\
\x9a\x8d\x9b\x82e\x17.\xfb\x86\xee\xd3a\xa2\xa5%N\
\x91\x94\x93,\xa8\xb4\x00L\x1f\xaaL\xe7\x8e\xa0\xa9\xe7\
\xa6Kwt\x96~'#H\x04\xfc\xf4\x1cWJ\xf1\
\xe9\x93\xf2\xc8\xc9\xe3\x14\xfb\xfa\x12\xbf\x150S`\xa6\
\xb0\xd2\x0eSo^G#\xa7Oi\xf2\xfe=g1\
63)\x0c\x80\xafs\x15\x87#\x9f\xa3\xd1\xb3g\x94\
\xbf~\xcd\x11\x86.\xee\x182\x8a\x81\x89\xbcb&\xa3\
b1\x1a\xbb|Qc\xe7\xcf\x99\x0a\x93>\xa6w\x06\
\x83|P6\x1bu1B\xa5\x5c\x8e\xb7\xbb\xbb\x88\x86\
\x87\xe7,\x9eA6\x16x\xf4I1\xce@\xf8\xf1C\
\xe5\xe2\xef\x94\xa3\xf2\xb0#R\xeeOm\x18\x9b\x90!\
W\xb0\xc4cI\x13U\x97K/\xdb\x06\x07\xdf\xb9\xf6\
g\xcf\xa6\x10\x97\xaa\xee\x87\xb30\xfd\xa7#\x9a*\x1f\
\x91\xf4\xb0j\xf2\x88\x9e\xd6\xfe\x81n\x98\xfd)\xb5\x17\
k\xb3;\x9d\xf7\x1d\x82\x16\x07\x0b\x05\x19C\x19p)\
\xa1\x14\x900\xf0\x80\xd3\xaf\x1f\x9c\xd0`\x0a\xf8\x0a*\
JL\x981.\xc8\x0b{\x17@\xef\xaa\xfe\x81\x07\x7f\
\x7f\xccy\xfe\x15\xbe\x01\xb3\xc2\xe6$|e-\xce\x00\
\x00\x00\x00IEND\xaeB`\x82\
\x00\x00b\xa8\
\x89\
PNG\x0d\x0a\x1a\x0a\x00\x00\x00\x0dIHDR\x00\
\x00\x00\xce\x00\x00\x00\xbe\x08\x06\x00\x00\x00}=0\x05\
\x00\x00\x00\x01sRGB\x00\xae\xce\x1c\xe9\x00\x00\x00\
\x04gAMA\x00\x00\xb1\x8f\x0b\xfca\x05\x00\x00\x00\
\x09pHYs\x00\x00\x0e\xc3\x00\x00\x0e\xc3\x01\xc7o\
\xa8d\x00\x00\x01\x87iTXtXML:co\
m.adobe.xmp\x00\x00\x00\x00\x00\
<?xpacket begin=\
'\xef\xbb\xbf' id='W5M0Mp\
CehiHzreSzNTczkc\
9d'?>\x0d\x0a<x:xmpmet\
a xmlns:x=\x22adobe\
:ns:meta/\x22><rdf:\
RDF xmlns:rdf=\x22h\
ttp://www.w3.org\
/1999/02/22-rdf-\
syntax-ns#\x22><rdf\
:Description rdf\
:about=\x22uuid:faf\
5bdd5-ba3d-11da-\
ad31-d33d75182f1\
b\x22 xmlns:tiff=\x22h\
ttp://ns.adobe.c\
om/tiff/1.0/\x22><t\
iff:Orientation>\
1</tiff:Orientat\
ion></rdf:Descri\
ption></rdf:RDF>\
</x:xmpmeta>\x0d\x0a<?\
xpacket end='w'?\
>,\x94\x98\x0b\x00\x00`\xaaIDATx^\xed\
]w|\x14\xc5\xdb\xff\xee\xde]z\x85\x00I \xa1\
HG\xbaJo?D\x9a\xbe\x0a\x16\x8a\xa0\xa2\x80\x0a\
\xf6\x8e\x15D\x91**`A\xe96\x14\x14\x90\xa2T\
\xa5\xf7\xdeK\xa8\xe9\xa4\xf7\xdc\xdd>\xef\x1f\xb33\xb7\
\xbbw\x97\x0a!@\xbe\x9f\xcf\x93\xdc\xee\xce<\xd3\x9e\
g\xfa<#I\x92D\xa8@\x05*P,\xc8\xc6\x17\
\x15\xa8@\x05\x0aG\x85\xe2\x94K\x90\x0b\xaa@yB\
\x85\xe2\x94;\xb8S\x12w\xef+p#P\xa18\xe5\
\x0a\x85)Ga\xdf+PV\xa8P\x9cr\x83\x0a\xa5\
\xb8\x99P\xa187\x1d*\x14\xac<\xa0Bq*P\
\x81\x12\xa0Bq\xae)\x08D\x8c8$\xddw#*\
f\xcdnVH\x15\x0b\xa0\x0eH\x85\x88\xb0+%\xe0\
\xee\xb5\xca\xa2\x85,K\x00\x15\xcc\x97\xa1p\x17z\xb8\
\x8aMA\xa0\x12\xf8\xa9\x80;\xdc\xf6\x8a#I\x12@\
\x04I\x92X\xdd\xaf*\x80\x04\x80\x0c\x9a\xa4}\x94$\
&\x84\xbc\x85\x89\x8c\x8c\xc4}\xf7\xdd\x87\xee\xdd\xef\x85\
\x87\x87\x05\xff\xfe\xf7\x1f~\xfb\xed7\xc4\xc7\xc5A\x96\
Y\xc3\xeeN\xb9\x18\x0a\xfa\xe6\x0eEU\x04-\xef\xa2\
\xfa\xa9@A\xb8\xad\x15G\x92$\xa1\x00v\xbb]\xbc\
s%\xe0ZE1\xbe\x1f9b\x04\xde{\xff\x03D\
D\xd4\xd0};x\xf0 \x06\x0f~\x1c'N\x1c\x87\
\xc9d\x82\xa2(\xba\xefz8\x87Y4\x14\xa6\x08\xae\
\xf8\x16\xe6\xa7\x02\x85\xe16W\x1c\xf6_Q\x08\xa1\xa1\
\xa1x\xe6\x99g\xd0\xb2eK\xa4\xa5\xa5\xe1\xe2\xa5\x8b\
8y\xf2$\x0e\x1d:\x84\xd8\xd8Xdfd\xc2\xdb\
\xdb\x0b\x11\x11\x91\x08\x0f\x0fG\xe5\xca\x95Q\xa5J\x15\
\xb4o\xdf\x1e\x03\x1e\x1b\x00\xb3\xc5\x0cEQ4\x0a\xc6\
\xbai+W\xae\xc4\x80\x01\x8f!''W\x1f\xb8\x0e\
%-\x82\xa2*\x80\x91\x7fQ\xfdU\xc0\x1dnk\xc5\
a \x98Lf\xfc\xfc\xe3\xcfxt\xc0\xa3\xba/\x8a\
\xa2 ))\x09\xb1\xb1\xb1\x88\x8f\x8fG`@ j\
\xd5\xa9\x8d\xc0\x80@xzz8\xdc\x11\x01D\x90e\
\x19v\xbb\x82\xfc\xfc<xxzB\x96$\xe4\xe4\xe4\
\xa2O\xef^\xf8o\xf3f\xa1Tz\x94&\xfb]\xf1\
\xd3\xa2\xa2\x8bv\xbdp\x1b\xcf\xaa\xf1\x190\xa0zx\
ut\xe9\xda\x85\xbdU\xdf\x01\x80$\xc9\xa8R\xa5\x0a\
\x9a5k\x86\x1e=z\xe0\x9e6\xf7\xa0j\x95*\xf0\
\xf4\xf4\xd0\xcd\x9e\xc9\x92\x04Y\x96q\xf9\xf2e\x0c\x18\
0\x00o\xbc\xfe\x86P\x12\x1f\x1fo\xb4o\xdf\xde\x11\
l\x91 i\xc8\x1d\xf4\xdf\xb8N\xf2x\xf1t\xb0(\
J\x8c\x9bK\xc5\xad@Ip\x1b+\x8eC\x90$I\
\x82\xa2\xa9\x9d\xb3s\xb2\x90\x92\x92\x02\xbb\xdd\xa6q\xad\
\x1f\xdf\xf0\xf1\x91\xd5j\xc5\xa5\xcb\x97\xf0\xe5W_\xa2\
{\xf7{\xb1t\xe9\x12\xfc\xfd\xf7\x1a$]M\x12\xfc\
\xdb\xb4k\x07Y\x96\x9d\xc6G\xae[\x1b\xa3p\x1b\x9f\
]\x83)\x09\xc1b\xb1 22\x12w\xddu\x17\xda\
\xb5o\x8f\xd0\xb0P\x10\x11\x14\x82\x9b\xf0*P\x12\xdc\
\xa6]5\x9ed&\x94^^^\xd8\xb1c'\x9a7\
o\x06\x00\xb8z\xf5*>\x9b8\x11)\xc9\xc9h\xd0\
\xa0\x01\xfa\xf6\xed\x8b\x88\xc8\x08\xf8\xf9\xfaa\xf3\xe6\xcd\
\xd8\xb3g\x0f\xe2\x13\x13\x90\x10\x1f\x8f\x98\x98\x18D\x9d\
;\x87\x0b\x17.\x0a\x8e\xbe\xbe~\xf8o\xf3f\xb4j\
\xd5\x12\x00p\xf9\xf2e\xb4m\xd7\x061\xd1\xb1j\xcb\
\xa0U\x06}\x5c\x8a\x0a\xc9\xa0\x06\xb2,c\xe0\xc0\x81\
x\xe2\xc9'\xd1\xf4\xce;\x11\x10\x18\x00Y\x96\x11\x17\
\x17\x87\xb9s\xe6\xe2\xf3\xcf?GNNv\xb1\xc3\xa9\
\x80\x1bH\x92D\xb7\x12\xc9\xb2D\xb2,\xab\xa4\x7f\xcf\
~C%\xc77\x004\xe6\x9d1\xa4EBb\x22\x1d\
?q\x9c\x0e\x1c<H\x03\x07\x0e\xa2&\x8d\x9bP\xdf\
\xbe})00\x90T\x99u\x22I\x02\xc9*\xbf\xe9\
\x9fO'\x22\x22EQ\xc8n\xb7\xd3\xe3\x8f\x0ffn\
\xa0\x0f\xbb\xb8$\xf3\xff\x9a\xb4I\x92D\x13>\xfdT\
\x17\x7f#\xa6L\x9d\xaa\xf3\xef m|\x9c\xf3\xa6\x82\
\x5c\xd3-\xa78&\x93\x89dY&\x93\xc9\xa1<\x5c\
\x91\x1c\x82\xe1\x10\x0e.\xf4^^^4g\xce\x5c\x22\
\x22R\x14\x87\xc0}\xfa\xe9\xa7$\xcb&\x83\x82h\xc3\
d\xfc\xa0.\x03\xf1\xe5\xa0{\xef\xedAy\xb9y\x82\
\xcf\xd6\xad[\xa9R\xa5J\x06\xffE\x13TYT\x08\
z\xe2\xf1\xbf\xe7\x9e6\x94\x93\x93\xe3\x88\xb4\x06\x8a\x9a\
\x98\x94\xe4\x14j\xd4\xb0!\x01 Yf\xf9\xa4\x8f\x83\
s\xdeT\x90{\xba\xa5\xc68l-\x93\xc9\xb7\xdd\xae\
@Q\x14(\x0a\xa9\xff\xd9\x1a\x8ac\x98!F\xce\x00\
\x80\xdc\xdc\x5c|\xf4\xd1\x87\xb8p\xfe\x82\x18h\x1f?\
~\x1c\x93&M\x82\xa2\xd8\xc5\x98Fv\x1a`K\xe0\
\x83oh\xf8\xef\xdc\xb9\x03G\x8e\x1c\x11\xae\xda\xb5k\
\x87v\xed\xda\x89\xe7b\x8d7D\x90,,@\xef\xfd\
\x81\xbe\xf7\xc3\xcb\xcb\x0bD\x04\xbb\xdd\x8e\x7f\xfe\xf9\x07\
c\xc7}\x84\xafg\xcd\x12\xf1\x09\x0a\x0eB\xef>}\
\x84\x1f\xc7x\xcb\x98\x9e\x0a\x14\x057\xad\xe2\xe8g\x8f\
\x98\x12\xf8\xfa\xfa\xc1\xcf\xdf\x17~~\xfe\xe8\xd5\xb3'\
\xc6\xbc\xfb.>\x9d0\x01\xcf\x8dz\x0e\x8d\x9b4\x16\
B\xa4\xea\x96\x13\xe2\xe3\xe2p>*J<W\xaaT\
\x09!!!:7\x05\xc9\x99$\xb1I\x03Y\x96\x90\
\x95\x95\x85\xd8\xb8X\xf1\xcdf\xb3!??\x9f=\x88\
\x88\xf0\xaf\x8e\x08\x19\xd3ED\xaa\xf2s\xc7\xc4\x22\xa1\
V\x12\x01\xfe\x01x\xf8\xe1\x87\x01\xd6\xed\xc6\xe9\xd3\xa7\
1`\xc0\x00\x8c\x1b\xfb1\xdeyw\x0c\x8e\x1f?\xc6\
\x03\xc1}\xf7\xdd\xa7NRp>\xee\xe0&\x83*\xe0\
\x80\xb1\x09*\xdf\xe4\xe8\x0a\x01\xa0\x90\x90\xca\xd4\xa6M\
\x1bz\xef\xbd\xf7h\xf5\x9a5t\xf0\xd0A\xda\xb3g\
\x0fm\xdf\xbe\x9drssu]\x96\xe4\xe4dz\xed\
\xb5\xd74]*\xc6S#%\x04\x80\xbe\xfb\xf6;\x9d\
\xbf\xa9S\xa6\x92\xc9d\x22\x14\xda\x85q\x8c_dI\
\x22\x93l\xa2e\xcb\x96\x09>\xf1q\xf1T\xb3fM\
\x11\xb6,\xcbNa\x03\xa0V\xadZ\xd1\xd8\xb1\xe3\xe8\
\xf3\xe9_\xd0\xfb\xef\xbfOO\x0c}\x82:v\xec@\
\xbe\xbe\xbeNn\x01\xd0\xd3\xc3\x9e!\xbb\xdd\xd1\xb7\xfc\
|\xfat5\x0c\xf6}\xe1\x82\x85\xe2\xdb\xe5+\x97)\
,<\x8c\x00\xa8]W}\xbe:\x931\x8d\x15\xc4\xe9\
\xa6T\x1cOOO\x1a\xf3\xce\x18:{\xe6\x0cee\
e\x0b\xc1\xd0BQ\x88\xecv\xbb\x18\x9c\x13\xb1\xe7\x0f\
\xde\x7f_\x08\x9dV\x09\x01\x90\xaf\x8f\x0f\xad\x5c\xf1\x97\
\xea\x9f\x09cvv6\xb5n\xddZuo\x8c\x8f\x9e\
\x1c|%\x92\x00\x9a5k\x96\x88Obb\x22\xd5\xa9\
S\xc7I\xf09yyy\xd1\x0b\xa3_\xa0\xabW\x93\
\x84\x1f\x8e\xcc\xcc,\xda\xbe}\x07\x8d\x193\x86Z\xb6\
lI\xad\xef\xba\x8b\xeei\xd3\x96\x06\x0e\x1cD\x09\x09\
\x09\xc2]^^\x1e\xb5k\xdfN\x97\xb6\xf1\x1f\x8f\x17\
\xdfm6+u\xed\xda\x85\xa0\x8es\x8c\xf9\xeaL\xce\
i\xac F7\x9d\xe2\x00\xa0\xd7_{C\x08Ca\
HKK\xa3\xfc\xfc|\xf1\xac\xd8\x15\xfa\xe0C\x87\xf2\
p\xaa[\xaf\x1e\xad\x5c\xb9\x8a\xb9Q\x95&77\x97\
\xdez\xeb-\xf2\xf2\xf2r(D\x81\xe4p\x03\x80\x1e\
\x1f\xfc8\xe3\xa56\x08\xcf>7\x92\x00PPP\x10\
\xb5\xbe\xeb.\x1a>|8M\xf8l\x02\xfd\xf4\xf3\xcf\
\xb4u\xebV\xb2Ym\xba\xf0]!--\x8d\xd2\xd3\
\xd3)33\x93\xf2\xf3\xd8\xe4\x03w?\xe7\x87\x1f\xc8\
l6\xeb\x14\xe7\xd1G\x1f\xd5\xf1\xfb\xf4\xd3O\x0di\
1*\x8b\x91\x8ci\xac \x95n\x9eu\x1c\x22\x82\xbf\
\xbf\x1fv\xed\xdc\x8dF\x8d\x1b\x81\x88\x8d+\xb2\xb3\xb3\
\x91\x9e\x9e\x81\xbc\xbc<\x80\x00\x93\xd9\x04I\x02\x16/\
^\x8c\x85\x0b\x17\xa2s\xe7\xce\x986m\x1a,\x16\x8b\
\xcaG\xc1\xd2\xa5Kq\xe2\xc4IX\xadVDDF\
\xe0\xbe\xfbz\xa2fd$\xfb\xaen\xb7y\xf3\x8d\xd7\
1}\xfa\x17\x80:~(\x0a\xf8\xfa\x0a\x11\xa1v\xed\
\xda\xd8\xbau\x1b\xc2\xc3\xc3\x00\x00[6o\xc6\x9e\xbd\
{\xf1\xc0\x03\x0f\xa0F\x8d\x08x{{\xe9\xfc\x92B\
 \xb0\xad;D\x84\x98\xe8\x18\x04\x05\x07\xc1\xd7\xd7W\
|\x97\xd4c\x0a\x00\x09\xad\x97%\x09[6oA\xff\
\xfe\xfdp5)I\xc7\xb3v\xadZ\xd8\xbdg\x8f\x18\
\xab\xed\xdb\xb7\x0f\x9d\xbbtAvV\x16\x9b\x04\xe1\xa5\
\xef6yn?\xdc\xdep\xa1I\xe5\x96\x00Pxx\
8%%9\xba3gN\x9f\xa1\xf6\xed;P\xf5\xea\
\xd5)$$\x84BBB(4,\x8c\xaa\xd7\xa8!\
Z\x13\x004n\xdc8\xe1\xc7\x1d\xb45\xf3\xe7\xd3\xa7\
\x8b\xee\x8c\xf3\xda\x87\x91\x1c5\xb3v\x0d\xc9l2\xd3\
\xc6M\x9b\x9cx\x17\x86\x8b\x17/\xd2C\x0f>H\x95\
+U\xa6{\xee\xb9\x87f\xce\x9cI\xa9i\xa9Fg\
DDd\xb3\xd9h\xe7\xce]\xa2\x1b\xc8[\x1aN^\
\x9e\x9e\xb4m\xeb6\x225\x0eV\xab\x95F\x8d\x1a\xad\
s#qrjm*Z\x9c\x02\xe8\xe6jq\x82\x83\
\x82\xb0k\xf7n\xd4\xabW\x0fPk\xd0\xbb\xee\xbe\xcb\
Qs\x1a I\xec\x98\x80\x87\xc5\x03_|\xf9\x05\x9e\
\x7f\xfey\xa3\x13\x1dl6\x1b~\xfc\xf1G\x8c\x1e=\
\x1a99\xd9\x90$\x99\xd5\xeen\xf83\x90\xa8\x99Y\
\xcb\xc4\x1c+\x0a\xe1\xab/\xbf\xc2\x8b/\xbd\x08\x85\x88\
\xbb\x10\xd3\xdd\x00\x90\x9d\x9d\x85\x94\x94Tdee\x22\
7'\x176\x9b\x0d\xff\xac[\x8bw\xc7\xbc\xebp\x04\
\xa0U\xabV\xb8\xabuk\xc8&\x13\xf2\xf3\xf3\x90\x97\
\x97\x87\xfc\xfc|ddd\xe2\xc0\x81\x83\x88\x8f\x8f\x83\
\xcc\xb5\xc6\x10\xd9\x89\x13'\xe2\xed\xb7\xdf\x06\xa9\xe7\x8e\
\xd2\xd2\xd2\xf0\xc0\x03\x0f`\xcb\x96-\x80\xb6Mq\xdb\
\xb8\xb8\xfa\xe0.C\x5c\xb9\xbd\x05\xe1B\x93\xca\x1d\xc9\
\x1a\x92$\x89f\xce\x9c\xa9\xabq\xbf\xfd\xee;\xaa\x11\
\xa1oa$\xb5\x85\xe2<\x00\x90\xa7\xa7\x07\x8dz\xfe\
y\xda\xb9k'%$&PfF\x06eggS\
FV&\x1d9z\x84&N\x9cD\xbdz\xf7\x16c\
\x1aW;\x10\x9cI_;\xf3\xd9*>kv\xf7\xdd\
w\xd3\xf9\x0b\x174m\x04QVv\x16m\xd8\xb8\x81\
\xdey\xfbmj\xd7\xbe\x1d\xd5\xaeU\x8b\xaaT\x09\xa1\
\xc0\x80\x00\xf2\xf6\xf6&\xb3X\x9ct\xf0\xd3\xa6\xcd\x15\
9\x16y\x9d\xddv\xef~\xaf\x98 \xe1-\xdf\xec\xef\
\xbe\xd5\xb9q\xdf\xe2\xb8ky\x8c\xdf\x0br{KR\
\xf9oq\xb4u\x98B\x84'\x86>\x81\x05\x0b\x17h\
\xde\x02\x8f=\xf6\x18~\xff\xfdwu\x11\xd48&Q\
Ox\xaa;\x86\xbd}\xbc\x11\x1e\x16\x06___X\
,\x1e\xb0\xd9l\xb8t\xe9\x12RRR\x00\xb0q\x13\
o\x19\x0aoi\xb4p\x84\xc9\x17c\x89\x80;\xee\xb8\
\x03\x0f>\xf8\x10Z\xb7n\x8d\xb8\xf8X\xfc\xfc\xf3\xcf\
8x\xe0\xa08<\xa7\x83\x04H\xc4#\xc1\xe3mt\
d|\xc1\xd6u$\xf04:\xbeK\x92\x04\x0f\x0f\x0f\
<\xfc\xc8\xa3x\xfe\xb9g\xd1\xbe}{u\x0f[,\
\xbat\xe9\x82\xd3\xa7\xcf\x88\xbcb-\x92\x86m\xa9p\
\xcd\x18\x95O\xb8\xd0\xa4rI|\x0f\x98\x8f\x8f7\xad\
^\xb5Z\xad=\x89\xacV+M\x9b:\x8d,\x16\x0b\
\xab9%M\x9f\xddM-j\xac\x91E\xad\xab\xab1\
\x8bR{:\xf3v&\xe7\x16\xc09<wd\x0c\xaf\
8\xe1jy\xb0\xf0\xea\xd5\xadGI\x9a\xe9\xee\x99\xb3\
f\x0a\x9e\xb2\xcc\xa6\xd0\x9d\xfd\x97\x94\x8cq\xbe\xb5\xe8\
\xa6\xd99\xc0\xeb\xd0\xda\xb5j\xa3S\xe7\xce\x80Z)\
\xaf\x5c\xf5\x17^\x7f\xe3uX\xadV6\xa3\xc5\x1dJ\
\xdaJO[\xfb\xb1\x96\xc4\x99\xf4-\x94\xeb\xdfE\x05\
\x0f\x9c\xf1\xe4[u\x189\xc2,\x18F\x07Z\x9d+\
:\xb4i\xabV-\x14\x01\x81\x01\xe2\xdb\xddw\xdf\x0d\
\x93Is\xdc\xc1\x18d\xa9P\xbcx\xdel\xb8i\x14\
\x87\xc3\xc3\xd3\x13f\xb3Y<\xb7ju\x17\x9a5c\
\xc7\x01\xc0\x05\xd2I\x00H\xf3\xb2\xa0\x02u\xf2\xa8\xc2\
\x9d\xc0j\x15D\xaf,\xc2\x05\x17\x5c>\x8b\xec\xf8\xa2\
{r\xbcs\xe6a\xf4YRt\xe8\xd0\x01999\
HOOGff&j\xd4\xa8\x81\xfb\xee\xbb\x0f\x1e\
\x1e\x1e.\xba\x83\xae\xe0.~\xb7\x1fn\x8a1\x0e\x07\
\x11\xa1r\xe5\xcaX\xbfn=Z\xb4l!\xd6qV\
\xacX\x81\x01\x03\x07\x227'\xa7\x80\x9a\x5c\xfb\xc1U\
\x92\xf9wW\xdf8\xdc2/\x10\x92\xdb\xb1\x12\x7fY\
\x10_\x97\x1e\x8b\x0c\xed\xf8%,,\x0c\x01\xfe\x81\x90\
\xcd&\x98Mf\xf8\xf8\xf8\xc0\xc3b\xc6\xa9\xd3\xa7\x90\
\x98\x98h\x98\x8d\x93\x9c\xe2G\xaa\x1d\x05\xf6\xbb \xc3\
#\x1c\x05\xa5\xeb\xe6\xc6M\xa58\x92:9\xd0\xb6m\
[\xfc\xf9\xe7\x9f\x08\x0d\x0d\x05\x00$$$\xa0C\xc7\
\x0e8{\xe6l\x11\x15\xa7 \x14\x94\x1dE\xe5q\xad\
P@\x5c\xa8\xa8\xd1Q\x1d\x11[0u\x05G7\xd5\
\xe8\x82M6H\x12\x9fB\xd7Z\x002\xbau\x85\x22\
E\xf0\xa6\xc4M\xd7U\x93e\x19;w\xee\xc4\xf4\xe9\
\xd3\xc5;OOO\x04\x06\xf0\xbe\xbbt\x1d\x0b\x8c\x8a\
(0\xd7\x11E\x8d\x82zj\x82\xcf\xb2\x15\xe4\x85)\
\x83+\x17\x0e%\xe1\xc73\xf8\xb3\xeb\x16\xf4\xf6\xc1M\
\xd3\xe2\x08U\x90%(v\x05/\xbd\xf8\x12\xbe\xfc\xea\
K\x00@jj*\xbav\xed\x82C\x87\x0e\x17X{\
\x16\x1dF\xbfZ\x14\x87Oi\xa1\x89\x87!J\xa4\xc6\
\x84\xd8\xf0\x89\xbd3\xb8\xa9Q\xa3\x06\xaaV\xab\x86J\
\x95\x82Q\xadjU\x04\x05W\x82\xbf\xbf?\xf2\xf2r\
\x11\x17\x17\x87\xe4\xa4d$$& *\xea<\xd2R\
Su~%\xc9\x11\xa6$K\xa8Y\xab\x16\xec6;\
.]\xba\xa4w'\xfeh\x7f\xf0\x88\x94e^\x95-\
n>\xc5\x91$(\x8a\x82)S\xa6\xe2\x8d7^\x07\
\x00\xc4\xc5\xc5\xa1C\x87\xf6\x88\x8a:\x7f\x8d\x14\x87\xc3\
\xc8\x03%\xe4SR\xb8Q\x1c]\x7f\x94}\xe0J\xd3\
\xbcys\xf4\xea\xd5\x0b]\xbbu\xc3\x9dM\x9a\xa0R\
\xa5\xca\xf0\xf1\xf1\xd6\xb8\xd7#33\x13\xd1\xd1\xd1\xd8\
\xbbo?V\xacX\x86\xb5\xff\xfc\x83\xd4\xd44@\x13\
\x0c\x11P\xbdzu\xbc;\xe6]\x04\x06\x07a\xc1\x82\
\xf9\xd8\xb4a#l\x9au(\xbe\xc3B\xf5Q\xc6\xf9\
t\x03`\x9c\x9f.\xaf\xe48>\xccV\xe4\xe7\xce\x9d\
'\xd6#N\x9c8A!!!\x04\xcdN\x01\xe7u\
\x85\x92\xac-\x18\xfd\x97\x84GiH\x0dS\xbb.\xc5\
\xa4\x92\xed\x14P\xd7\x88L&\x99z\xf6\xecIK\x96\
,\xa1\xd4\x94\x14\x91/\x1c\x8a\xa2\x90]QHqA\
F\x1c?~\x9c\xc6\x8e\x1bG\x91\x91\x91\xa4j\x00I\
\xea:P`` \xcd\x9e=\x9b\xf2\xf3\xf3i\xd5\xaa\
U\xd4\xb5kW\x92\x0c\xebT\xfas>\xb7.\xdd\x5c\
\x8a\xa3*\x0f\x00Z\xb8\xd0q@k\xef\xde\xbd\xe4\xe7\
\xe7/\x0a\x99\xf91\x0a|i\x85\xbf\xa4\xfeJC\x0e\
\xc5\xd1\x0a\xa7\xa4\xb1q\xd0\xe4\xce&\xf4\xeb\xaf\xbfR\
\x9ez\xc4\x80\xd4sGzb\x8a\xc3\x7fs\xa5\xb1\xdb\
\xf9;\x87;\x8e\xf3\xe7\xcf\xd3\xd8\x8f\xc7R\xe5\xca\x0e\
;\x09\x00\xc8d6\x09C$999\xf4\xcf\xda\xb5\
4e\xcaT\x1a2t\x08U\xadV\x95\xc5\xb1T\xf9\
|s\xd0M\xa38\x92\xd8\xab\x06\xf2\xf5\xf3\xa5\xb5\xff\
\xac\x15\x85\xbcq\xc3\x06\xf2\xf6\xf66X\x901*\xcb\
\xcdZ\x98\xbc&7>\xcb4\xfc\x99\xe1t\xf9\xf2\x15\
\x91\x0f\x0e\x85p\x1c\xe0s~\xa7mq\xc8\xf0\xecx\
\xcf\xb1u\xeb\x16j\xde\xa29\x0bS\xec\xf9\xf3\xa4_\
\x7f\xf9\xc5\xe1H\xc5\xe1\xc3\x87\xe9\x7f\xff\xeb\xce\x14M\
-\x0bm\x0bT\xb4]\xe6\xee\xc8\xe8\xf6\xc6\xd2M\xa5\
8\x92Zp\xe1\xe1at\xfe\xfcyQ`\x0b\xe6\xcf\
w\xd1E0f|\xf9\xcb\xfc\xa2\x91CqL&\xd6\
M\xf5\xf7\xf3\xa3o\xbe\xfeF\xd7\xd5R\x14NF%\
pG\x05\xb9W\xbbw\xea\xc6\xd0\xe8\xe8hz\xf4\xd1\
\x87u-OXh\x18\xed\xd9\xbdG\x0d\xdb\x11\x8f\xe8\
\xe8h\xba\x83\x1fqP\xbb\xd6<-\xceed$c\
y\x19\xc9\xe8\xfe\xc6Q\x19MG\x93\xf1E\xa9\x10\x10\
\x10\x04\x7f\x7f\xc7\xd6\x91\x84\xc4\x04\x177\x01\x18\x07\xa7\
\xc6\xe7\x9b\x0d\x12\xecv\x05AAAX\xb8p!\x9e\
{\xfe9\x80\x00\xbb]\xb9\xd6\xd9+@\xc4\xa6\xa0\xc3\
\xc3\xc31o\xde\x02\x0c\x1a8\x80\xad\xeb\x00\x88\x8d\x8b\
\xc5\xb0a\xc3p\xee\xdc9\xdd\x22kxx8&M\
\x9e\x82\xb0\xf00\x90:\x85\xcd\xa7\xbb\xf5\x0b\xac%A\
i\xfd_;\x98$I\x1ak|y\xedQR\xa1%\
\x9d_\xbe\x02\xdf\xbcY3<\xf5\xd40\xb1\xf5f\xe9\
\xd2\xa5\xd8\xb1c\xa7fF\xcd\x15\x0a\xfaV\xbe\xc1\xd2\
M\xf0\xf1\xf1\xc1\xdc9s\xd1\xff\xe1\x87U\xab7L\
\x90\x0aN\xb7;\x14\xc5\x8f\xc3\x8d\x87\x87\x07z\xf5\xee\
\x8d+W.\x8bi\xff\x84\x84\x04\xac\x5c\xb9\x0a\x1e\x16\
\x0b\x9a7o\x0e\xb3\xd9\x0c\x22B\xe3\xc6\x8d\xf1\xf0\xc3\
\xfd\xd1\xb2u+X<<\x90\x93\x9d\x8d\x94\x14\xe3t\
\xb7\xab\xf0\xd9Np\xf6\xcd\xd5w\x14\xf0\xbe\x8cal\
\x82\xca\x0b\xb9j\xd6\xf9\xc4\xc0SO=%\xba\x06D\
D\x0f?\xf2\x88\xda\x8d06\xe7e\xd5\xcc_{\xfe\
|\x06\x91w\xd5\xccf3\xcd\x9a\xc9\x8c\x7f8w\xad\
\x0a\xebz\xb9#\xee\xde\x9d_\xfd{\x22\xa2\xf4\xf44\
\xea\xd6\xad\x9b\xae\xdb\x06\x80\x1ey\xe4a\x8a\x89\x89\x11\
\xf1\xd3\x2266\x96~_\xb2\x84F<;\x92\x9a6\
mJf\x0b\xb3\x8b\xa0%n$\xd1Q\xee\xc6nZ\
Y\x94c\xd1\xe9\x06+\x8e\xfb\x8c\x90%\xd7\x87\xb2\x00\
\xd0\xe4I\x93E\xa1\xd8\xedv\xea\xdc\xb9\x93(Hg\
\xfee\x91\xe1\xd7\x87?;\x9c\xc6\xf2`\xf4\xf3\xa3H\
Q\x88l\x86\x99\xb1\xb2\x22\xbb\xddNV\x1b3&r\
\xf0\xe0!\xaaZ\x95\xcd\xa0q\xc5\x06@\xcd\x9b5\xa7\
\xad\xdb\xd81mwHNI\xa1\x9d;w\xd2W3\
f\xd0\x93O>I-[\xb5\xa6\x80\x80\x00\xc1C\x97\
\x07\xa22,\x8b2,6\xdd\xc8\x05PWAK\xcc\
\x0c\x85\xfa)88\x18\x11\x91\x91\xb8\xa3N\x1d\xdcy\
\xe7\x9dh\xd1\xb2%\xbat\xee\x8c\xca\x95+\x03\x00\x92\
\x92\x92\xd0\xa6\xed=8w6\xcaE\xf3\xaf\xe5o\xfc\
v-\xe0:\xfezp7\x8e\xf7\x85\xf5\xf5\xf9nj\
\x09l\xb1\xf7\xee\xbb\xee\xc6\xdf\x7f\xff\x8dJ\x95+\xc1\
f\xb7C\x96\xe4\x02\xf6\xe4]\x1f\x90\xc2\xc6(\x92\xcc\
\xae4\x996u*\xdex\xf3MM<\xd8>\xb6\xe0\
\xe0`\x8c\x1e=\x1a\xf7\xf7\xbd\x1f\xf5\x1b\xd4Gpp\
\xb0\x9e\x91\x01\x19\x19\x998w\xee,v\xec\xdc\x89M\
\x9b6b\xf3\x7f\xff!>>A\xe7F\x1bFyA\
\xb9Q\x1cnD\x96\xef\xab\xba\xa7\xcd=\x18\xf1\xcc\x08\
t\xe8\xd0\x01a\xe1a\x08\x08`\xd6\xf7\x85Ou\xf3\
\xe1\xee\xdd\xbb\xd1\xb9Kg\xe4\xab\x16n\xcaV\xa2\xdc\
e\x9d#\x0e\x92\xc47F\xea\xf7w\x05\x06\x06\xa2Z\
\xb5j\xa8\x5c9\x18^\xde\xde\xc8\xca\xcaFtt4\
RSR\x91\x95\x95%\xdcyyya\xc5\xf2\x15\xe8\
q_\x0f\xb6\xf7L\x0d\xb3,Si\x84$I\xc8\xcc\
\xcc\xc4\xbd\xf7\xde\x8b]\xbbv\xa9\x15\x16\x09\xe5\x01\x00\
\x1f\x1f\x1fDDD\xa0}\xfbvh\xdf\xa1\x03\xda\xb6\
i\x83:u\xea\xeaw10/\x02\x8a\xa2\xe0\xec\xd9\
\xb3\xd8\xb8i#V\xae\x5c\x89\xad[\xb7\x22\x8d\xefb\
\x90\x1df\x86\x01\xe7\xedEe\x0e\x17MP\x19\x91\xab\
f\x985\xd7\xaf\xbf\xfa:\xa5\xa6\xe8\xad\xba\xf0.\x83\
\x16W\xae\x5c\xa1~\xfd\xfa\x11t+\xd6e\xd9\xa4\x1b\
\xd3`$\xbd\xcd\x00\x8b\xc5B\x9d\xbbt\xa1\xef\xbe\x9b\
M\x87\x0f\x1d\xa6\xa4\xa4$\xca\xca\xca\xa2\xdc\xdc\x5c\xca\
\xc8\xc8\xa0\xb3g\xce\xd2\xb6\xed\xdbh\xc6\xcc\x19\xd4\xb3\
WO\xf2\xf6\xf6\xa6\x97_~Y3\xd6p7\x16)\
kb\xf9\xbfh\xe1\x22\xcdb\xa7J\x9a.\xb5\x96\xfc\
\x03\x02\xa8M\xdb\xb6\xf4\xc1\x07\x1f\xd0\xdf\x7f\xffM1\
1\xb1dS\xbb~\xae`\xb7\xdb\xe9\xc0\x81\x03\xf4\xc2\
\x0b\xa3\x85\x15S6\x06RO\xab:\x95E\xd9\xd2\x8d\
U\x1c\xcd\x16\x12\xae4c\xde\x1e#\xd6\x0f\xec\x06E\
\xb1Z\xadt\xe6\xec\x19Z\xfa\xc7\x1f4n\xdc8\xaa\
_\xbf\xbeP\x1aW\x93\x09\xd7\x9f\x8c\x8a\xe2L|\x8c\
\xd2\xa6M[\xfa\xe3\x8f?t7\x18\x14\x84\xbc\xbc|\
\xda\xb2e+\xc5\xc6\xc6\x11\xe9\xd6i\xca\x83\xe2(\xa4\
(D)))\xd4\xb4i3Q~\xc62\xe5\xc4\xcb\
\x96\x93\x87\x87\x07\xd5\xae]\x9b\x1ez\xe8A\xfa\xf8\xe3\
q\xb4z\xd5*\xbat\xf1\x22\xd9m\xac\xdc\x8dX\xbd\
z55i\xd2D\xe5\xe5Nq\x9c\xf3\xdeAF\xb7\
\xa5\xa7\x1b\xae8\xda\x0c}\xf5\x95WE-\xa4\xa8J\
s\xf1\xe2EZ\xbf~=M\x9a4\x89z\xf6\xecI\
\xa1a\xa1:\x7f:\x9e.3\xf4z\x92\xb1\x80\xf4\x04\
u\xb5\xfd\xd5W_\xd5\xb5\xa0\x0a\xdf;&\x9e\xd9;\
\x9b\xcd\xa6\x19\xf8\x0b\xe7dW\xec\xe5Nq\xf8\xf6\x9c\
O?\x9d\xe0\xac8\x86\xff|v\x90\xe7\x9b\xb6\xcc\x01\
\x90\x87\xc5\x83jFFR\xbf\x87\x1e\xa2\x85\x0b\x17\xd0\
\xd5\xabWE\xda\x155#b\xe3b\xe9\x8d7\xde \
\x1f\x1foM\xb9\xb3\xfc-\xbc,\x8c\xe5Vz\xbaq\
\x8ac\xa8\x81\xc6\x8d\x1bG\xd6|\xab\xc80\x22\xa2\xf9\
\xf3\xe6Sx\x183\x12\xae%\xe7\xd9\x96\xeb\x939\x05\
\x931|\x07\x99\xd4\x8d\xa8\x16\x8b\x85&}6Q\x14\
\xbeC\xf0Xk\xaaW\x06\xfe\xdd\xf8\xce\x1d9\x0bs\
Y\x13\x11\xd1\xe1#\x87)0\x90\xcd\x8a\x89\xbcqY\
>\x05\x95\x91\xbe|\x1b4\xa8O\xe3>\x1eG11\
\xb1\x22\xdf8\xd6\xaf_G\xed\xda1\xfb\xd8\x00\xcbk\
W\xfc\x5c\x93\xd1]\xc9\xe9\x86)\x0e\xb7\xaa\xe2\xe1\xe1\
A3f8\xec\xa4qL\x9d2Uo\xb9\xa6H\xe4\
\x1c\xce\xf5!c\xb8\xceq\x00@\x1f\xbe\xff!\x91\xda\
\xa2h\xf7\x8d9+AI\xc8Y\x90\xcb\x92xw\xda\
j\xb5R\x97\xce\x9d\x85\xe2@*Hq\x0a/#\xde\
\xb5\x05@u\xeb\xd5\xa5\x1f~\xf8\x81\x14\xc5Q\xf1\x10\
\x11\xa5\xa6\xa5\xd1\x981c\x8a`\xd3\xbb\xa0p\xdd\xbd\
/\x1a\xddP\xc5\x01@\x83\x06\x0e\xd2e\x0a\x11\xd1g\
\x9f}F\xb2,\x13$W\xdb\xd4\x8d\x05a$\xe7\xb0\
\xae-\x19\xc33\x12KW\xdf\xde}\xc5-i\xda\xdd\
\xc7z\x014*Cad\xf4\x7f\xe3\x88\xa7\x89\x88h\
\xfc\xf8\xf1\x06\x016\xe6I\xd1\xcb\xc61^ut\xc5\
\x9f}\xf6Y\xba|\xf9\xb2\x93\x9c,]\xfa\x07\x85W\
\x0f\x17\x8a\xa6\xdd\x08\xab\x8f\x871\x1cc\xbc\xdc\xb9s\
O7Lq$\x89\xad\x86\xff\xbd\xe6o!\x5c6\x9b\
\x8d\xc6\x8f\xff\x98)\x8d\x9a\x11\xae\x07\x82\xcc\xbfk2\
\xba\xbbVd\x0c\xc7=\xf9\xfb\xf9\xe96@*nw\
!\xb3o\x85\x93\xd1O\xf9!\x22\xa25\xabW\x8b|\
\xe2;\xd8]\x931O\x9dI?fq\xb4>\x0d\x1a\
\xd4\x17\xb2\xa2\xc5\x91#G\xa8g\xaf\x9e\xc2\x9d\xa4\xe9\
\xf6\x19y\xeb\xc9\x18\xb7\xc2\xdc\xeb\xe9\x06(\x8e#C\
\xee\xed\xde\x9drrrD\x01\xac[\xb7\x8e\xbc}|\
\x8a\x90h\xce\xc7\x1d\x19\xdd\x96\x96\x8c\xfc]\x11s\x07\
\x80\x1e}\xe4Q\xb5kV\x90\x02\x18\xbf\xb9#ga\
-ODDt\xe8\xd0A\x0a\x08\x08\xd0\xe5\x83k2\
\xe6\xab;2\xfac\xf9\x1a\x18\x18H_}\xf5\x95f\
\x02\x89\xb5x\xd9\xd9\xd94e\xea\x14\x0a\x0e\x0e&I\
m\xb5\xb8\xf2pYr\x9eyu\x0e\xa3xq,\xf3\
\x05P\xb6\x10\xe8a\xf1\xc0\xf2\xe5\xcb\xd1\xabw/\x00\
@fF&\x1ez\xe8!l\xd8\xb8\xc1\xc5\x0e\x00w\
p\x17\xf5\xa2\xfa/*\xdc\x85\xa3\x05[\xfc3\x9b\xcd\
X\xf2\xdb\xefx\xb0\xdfC\xeab\xa0n\xd9N\xe7\xbe\
p\x14%\xdc\xb2\x82\xebtH\x92\x84\xf8\xb88t\xe8\
\xd8\x01\xe7\xce9\xae\x81t.B\xa7\x17\xc5\x06_\x5c\
\x1d0`\x00&M\x9c\x84\x9a\xb5j\x0a\x13a\x00\xb0\
k\xd7.\xc4\xc5\xc7\xc1f\xb5!66\x16{\xf6\xed\
\xc5\xea\x95+q\xf5j\x12dY\x82$1\xe3\x8b|\
A\xda5\x8a\x18O\x17\x9at\x1d\x89i4\x00\xaa{\
\xc7\x1d\xba\xdb\xc7~\xfe\xe5\x17\x92$~K\xb4\xd1_\
Ad\xac1\x8aUk\x14\x81\x8c\xbc]\x11s\x0b\x80\
\x22##4k/J\x01\xad\x87\xbb\xf7\xe5\x91\xdc\xb7\
\x82DDi\xa9\xa9\xd4\xa81\xbb\xd1Z\xd4\xf2\x9a\xae\
\x931\x9fJJ\xda\xc5\xe4\xfa\x0d\xea\xd3_\x7f\xad\x10\
\xf2\xc3\xe3b\xc4\xd1\xa3\xc7\xe8\xa9'\x9f$\x93I\xbe\
\xa6\x9bH\xcb\xe8<\x0e\x83\xa4\xde\xdc\x0c\x00\xdd\xba\xfd\
\x0f\x95*U\x12\xb5\xc8\xf2e\xcbA\xa4@\x96M\x06\
_\xc5E\x11k\x8c\x22\xc1]\xad\xe4\x1e\xcd\x9a6G\
\x95*U\xdc\xecG\x934\xc4\xe1\xca]y\x87>\x8f\
-\x9e\x9e\xe8\xd6\xb5\x1bZ\xb5n\x85*UC\xd86\
#\xfe\x91\xb8{\xc7\xf5&%/!\xc6U\x92$\x9c\
>u\x1a\x8f>\xfa(^~\xf9%$$$8\xf5\
Rx\xcb\xd2\xa4Ic\xcc\x993\x07\xe3\xc7\x7f\x22\xde\
I*\x0f\x86\x92\xc5\xa6\x8c\xce\xe30\xb0}[\x0ad\
Y\xc6{c\xdeC\xa3\xc6\x8d I\x12\xd2320\
e\xca$\xc4\xc7\xc73\x87\xc5\x92%\xad0\x96,\x13\
\x5c\xa38\x91Pm4\x11\xf0\xd4\xb0a\xe8\xdc\xb9\x93\
\xba\x97\x8a\xed\xa7\xbb5\xe0>\x1df\xb3\x19\xbdz\xf5\
\xc6\xd0\xa1C1p\xe0@\xf4\xe8\xd1\x03\xfe\xfe\xfeH\
KKEr2\xbb\x01\x82\xed3d<\x98\xe0j\x85\
\xb7\xa8p\x94\x89,K\xb0\xd9\xed\xd8\xb5s\x17\xd6\xac\
Y\x83\xec\xecldgg!))\x09y\xb9\xb9\xf0\
\xf7\xf7\x87\xc9dR\xad\x8f\xca\xe8\xd8\xb1#\xe2\xe2\xe2\
\xb0w\xef^\xae~.\xd2d|.\x00\xc6&\xe8z\
\x13\x00\xaa\x19\x19I\xf1\xf1\xf1\xa29\xdd\xbbo/\xf9\
\xf8\xfa\x90$\xb1\xe3\xc1\xc5\xeb\xaa]\x0f26\xdf\x05\
\x91\xc3\x0f\x00\x9a;w.\x11\xb1Y4\xed.\x00\xf7\
d\xec\x16\x95Wr\x1fo>5m\xec-\xc5\xc5\xc5\
\xd1\x17_~I\xb5\xd5\xa3\xd4\xb2$\x91I\x96\x059\
/5\x14F<\xbfU^&\x99d\xf589\xd4\x05\
g\x7f\x7f\x7f\x0a\x0f\x0f\xa3\xee\xdd\xffG\xdf~\xfb\x0d\
\xe5j\xb68%$$P\xc3\x86\xacK\xa9-3\xe7\
\xb2,\x9cn\x88\xe2\xbc\xff\xee{D\x9a~\xe9\xd8\xb1\
\x1f\xb1\x8c\xe5\x179\xb9\xf0W\xb6dT\x0eW\xc4\xdc\
\xf1B\x03@\x12$Z\xa5^\xc0\xeb\xbcnc\x14<\
g\x01,\xdf\xe4>\xde\x8eu*\xed\x22\xafC\x8b.\
\x9c?O\xfd\xfa\xab\x9bq%v`\x8dU\x90%U\
\x1c\xc7x\x87\xfd\xd6/\x9cj\xe9\xc9'\x9e\xa4\xcc\xcc\
L\x11\x9f\xef\xbf\xff^(\x9e\xa4\xcac\xb9W\x1c\x00\
\x14R\xb92\x1d;z\x5cdjrr\x0a\xddy\xe7\
\x9d\xa2\x16\x10f\xa0\x5c\xf8/;2*\x89\x86\xd4m\
\x1e\xbc`\xc2\xc2B\xa9O\xdf\xde4n\xdc8\xfa\xe3\
\xcfe\x94\x94\x94$\x04\xab\xf0\xdd\x02F\xe1,\xcfd\
\x8c{\xd1\xe3O\xaa)\xa91c\xde!\x0f\x8b\x85\x09\
n\xa17\xdd\x95\x84X\x19\x19\x95\xe7\xf3\xe9\xcc\x9c\x15\
\xa9\xadN\xdd\xbau\x99\x12\x8b=t\xc5S\x1a\xe9\xfa\
*\x8eQ\xe8\xd4\xb5\x9b{\xef\xa5\x9c\xec\x1cR\xd4\xda\
x\xea\xd4\xa9\x1a\xf7\xd7Ca\x9c\xe3Q42\xfa\xd3\
\x17Fxx8\x8d\x1f\xff\x09\x9d9sF\x9c\x8c$\
\xbe\x81S\xb5Wf3\xd4\xc0\xc5\x15\xb8\xf2EF\xa5\
1\xa6\xc3\xd5;F6u\x87\x01\x11\xd1\xc4\x89\x13]\
\xac\xa9\x94\x86\x0c\xe5\xe4\xa2\xd5i\xd6\xac\x19\xa5\xa7\xa7\
\x8b8\xbc\xf4\xd2K\xaa\xe2h[\x1c#\xdf\x82\xe9:\
\xce\xaa\xb9\x1ehU\xaaT\x09\x1e\x9e\x1e\xe2\xf3\x95+\
Wt3P\x8e_7\x12\x05\xc7\xe2\xd1G\x1e\xc5\xc6\
\x8d\x1b\xf1\xfe\xfb\xef\xa1n\xdd\xba0\xc92l6\x1b\
\xecv;\x14Ea\xf3\x04\xe4*\x07xYr8\xbb\
(\x1e\xf8\x00\xd7\xd5@\xf7Z\xa3\xe0<q\x07>\x8b\
\xc5\xad\x10\xbd\xf6\xdak\xe8\xd5\xb3'\xcb\xa7k\x12e\
\x03\x13\x17<\xcf\x9d;\x873g\xce\x8a\xe7>}\xfa\
\xc0d2\x01\xe0\xb3\xbc.<\x15\x82\xeb\xa88\xaeq\
`\xff\x01$&$\x8a\xa9\xe9\x97^z\x09\xa1\xd5\xaa\
\x89\x13}\xd7&39JV\xd8<C\xd9\x99CF\
|\xd1\xf6\xa3\x0f\xc7\xe2\xa7\x9f\x7fB\x83\x06\x0d4\x8b\
i\x80\xc9d\x12i\x02\xd4\x13\x8b\x05&\xa6\xa0o\xaa\
\x8a\xa9\xd1'q\xeb\x80\xf6\xd8\xb5+\xff\xae\xde\x95\x15\
\x8c\x95\x02\x03\xcf\x136\xa3J\xb0X,x\xf7\xbdw\
\xe1\xef\xef\xa7Z\xea\xb9\xf6\x10\xb9\xa0^4\x96\x95\x95\
%n\xd8\x06\x80\xc6\x8d\x9b\xa0j\xd5*\xaa2\xbb\x8e\
wa\xb8\x8e\x8a\xe3\x1c\x19Y\x92p\xe6\xec\x19\xfc\xbe\
d\x09sA\x84\xda\xb5k\xe3\xb9\xe7\x9e\x13n\x98\xf1\
\xeer\x00\xd5\xec\x81$1\xc95\x9b\xcd\x98<e2\
\xc6\x8e\xfb\x08\x16\x8bE\x15j\xbd\xa0\x0a\xc5\xd1\xdc \
\xe0\x1e\xce\xf9\xa3\x03\xb1?\x5c\xb8\x98\x12\x16\xe2\x07\x10\
\x8a~\xed\xe1\x8a\xa7\xabw\x05\x83\x08h\xdf\xbe\x03\x1e\
\xea\xd7\x8f\xbf1\xb8(*\xb8\xc0\xbb\xf0\xcf\xaf\x8b\xd4\
\xbc\xda\xb7\x7f\x9f\xa8t\xaaU\xab\x8a\x86\x0d\x1bj\xbe\
\xc25\x9f\x02P\x86R\xca\xf6FH\x92\x84\xcf>\x9b\
\x80\x93'N\x8a\x1ay\xd4\xe8\xd1\xa8]\xbb\xb6\xa6\x06\
/^\x22\x8a\x8eb\x14\xb4\xea\x94T\x05z\xed\xd5\xd7\
\xf0\xf2\xcb/\x8b\x9a\xdf\xc9\xe1u\x00i.u\x92$\
f$C\x1fvA\xb8\x16\x0a\xc4y\x14\xc4\xa7\xa0o\
\xae\xc0\xd2\xf4\xf4\xb0\xa7\xe1\xe5\xe5U\x8a\xa2.,^\
z\x9c>q\x0a\xb99\xb9\x80j#\xaeF\x8d\x1aF\
'\xc5B\x19*\x0e\x83$I\x88\x89\x89\xc1\xb4iS\
E\xbf\xb7J\x95*\x18<x\xb0\xd6\x95\xfa_[\xab\
\x147\x87]\xb9w\xf5\xce\x15\x08P\xbbkD\x84v\
m\xda\xe1\xfd\x0f\xdeg_\x5cJn\xd1\x0bP\x0fW\
\xbc8\xf8\xe2)\xfb\xff\xef\xa6M\xb8|\xf92L\xa6\
\xe2\x16Y\xf1\x04\xcc\x81\xe2\xf8)\x8a\x82\xe9\xd1\xbau\
k\xd4\xaf_\xaf\xc0\x1c\xb86`qJIM\xd6\x19\
A\x89\x8c\x88d?J\x18\x81\xe2\x96B\xa9\xc0jk\
\xa6,\xbf\xfd\xbe\x04\xfb\xf6\xed\x17\xdfF\x8c\x1c\x81\xea\
\xd5\xab\xebM\xd9\xea\xc6\x19e\x1aU\xa1\xacf\xb3\x19\
c\xde}\x17\xfe\xfe\xfe\xa2\x05(\x0b\xf0pdY\xc6\
?\xff\xfc\x83\xfe\xfd\xfbc\xc8\xe3\x8f#^l/Q\
oZ+\xf4.\xce\x12J\x86K\x7f\xc6\x8a\xcc\x15\x15\
\x0c\xde\xab\xf0\xf3\xf3\xc3]\xad[\x1b?\xbbA\xd1\xf9\
\xeb\xe1(\xab\xcc\xccLd\xe7\xe4\x88\xe7Z\xb5k\x89\
\xdf%\xc1u\x94FW\x02\xc6\xfa=\x12\x80\xf4\xf44\
L\x9d:\x156\x9b\x0d\x00P3\xb2&F\x8f\x1e\xcd\
\x5c\xf1\xeb\xf7\x14\xd5\x18\x92\xa4\xfaUY:\xbas\x05\
\x91;\x18\xdd\x19\xdd;~+\x0a\xa1M\x9b6\xe8q\
_\x0f\xf6\xa5 \xb6\xd7\x01\xb2,#99\x19o\xbc\
\xf9&RRS\xb1y\xcb\x16\xbc\xf6\xdak\xc8\xcf\xcf\
/\xc6\x98\x07\xc5p\xc7Q\xbc\xd6\xa38\xe0\x15\x82$\
I\xa8\xa6\xde\xe1Z\xbc\xd0\xdc\x95[\xc1\xc8\xb7\xe6\xc3\
\x9a\x9f/\x9e\xfd\xfd\xfd\xd9\x0f\x11p\xd1c\x80\xeb\xab\
8\x85c\xcd\xdfkp\xf8\xf0\x11\xf1<l\xd80t\
\xe8\xd0\x01w\xdcq\x07\xea\xd5\xab\x8b\xca\x95C\x1c\x0a\
\xa4\xf9\x0f\x9eeE\xcd;\x8d;R\x15@KN\x8e\
\x00\x91\x91\x0f=\xf8\x10\xbc\xbc<\xd5\xd6F\xf3\xb9\x8c\
\xb0z\xcdj\x1c=\xca\xf2H\x96$\xfc\xfa\xcb\xcf\x18\
\xfa\xc4P\xec\xde\xbd\x1b\xb2,C\x96e\x97E\xee\x10\
F\xfe\xab8\xe4\xea\x8d\xfb\xb7\xce0\xbas\xed\xbe\xf0\
\x89 c\x99\x14\x15\xce\xe1\xd9m6XmV\xf1\xec\
\xe1\xe1\xa1\xe9=8\xc7\xad0\x14\x16\xf3R\xc2}\x84\
$IBFz:\xbe\xff\xfe{\x00\xac\x15\x09\x0d\x0d\
\xc5\xca\x95+\xb1{\xf7n\xec\xde\xbd\x17\xdb\xb6m\xc3\
;c\xdeAd\xcd\x9a\x08\x0f\xaf\x8eaO?\x8dN\
]\xba0\x06\xea\xa0\xdd9[Y\x98\xda9\x06\xfeS\
\xfb\xced2\xc1\xc7\xd7\xd7\xe1\xd6\x00\x22\x82\xb7\x97\x17\
\xee\xb9\xe7\x1e\xf5\x8d{\x01\xb8\x1e\xe0V<W\xae\xf8\
\x0b\xe0\xd7\xa4K,^\xbf-\xfe\x0d\xf7\xf6\xb8\x17\xa3\
G\x8d\xc2\xd9\xb3g\x01>\x8b\xa4!\x1eU\xe3\xfb\xa2\
\x92Q\xe6\x8d\xdf\x199\xa6\x9a\xf5dt\xe7\xec\x1e\x00\
\xcc\xa6\xd2\xee\x84/:\x14\xb5\xe2\xe50\xc9l\xf9\xc0\
U\xd9\x17\x05ep\x90\xcd\xc0\x9e?JL`\xc3\xc3\
\xc3\xb1k\xd7n\xd4\xa8Q\xdd\xed\x18\x22&6\x16\xd6\
|+\x22##\xb1d\xc9o\x184h\x90\x98\xa6%\
u\x81\x0d\xe0\x85\xac\xae\x1d\xf3o\xb2$2\xacm\xdb\
\xb6\xe8\xff\xf0\xc3h\xd6\xb4\x19\xfc\xfc}\xe1\xed\xe3\x83\
\x03\xfb\x0f`\xdc\xd8\x8fp\xf9\xf2\x15\xceE\xa0zx\
86o\xd9\x8a:u\xd8\x8c_\xc1Js\xed\xb3Q\
\x92$\xac\x5c\xb5\x0a\xc3\x87?\x8d\xf88\x87YXY\
bf\x82y\xfe\xbd\xfb\xee\xbbh\xd4\xa8\x11\x14\xcd\x9d\
\x9cL\xfa\x1dq\xe61\xd7\xde?-\xa9\x12-\xbe\x89\
YM\x09\x92,\xc1\xa4\xeehf\x02\xc6\xc7TZ\xff\
\xe2\xa7*\x80\x8e\x19G\xf6M\x9b_\xea\xcd\xd5v\x05\
6\x9b\x0d\x0a)\xf8\xe9\xc7\x9f\xb0\xf8\xb7\xc5\x0e>\x0e\
\xcb\xc7\x8e\x17.\xc1\xd3\xe6\x0e\xfar\x22\x22T\xabV\
\x15;w\xec\x12c\x9b?\xff\xf8\x03\x8f<\xfa\x08\x14\
\xc5\xb5\xcc\x15\x0a\xe3V\x82\xebC\xae\xb7\xafH\xea6\
\x9c\x91#\x9f%\xabUo\x1a\x8a\x88Hqq@)\
!!\x9ej\xd6\xacIj\xce\xe9\x88\x87\xa7=:+\
I\x12u\xe8\xd0\x81\x16-ZD\x99\x99\x99:^\x1c\
o\xbf\xfd\xb6\x13/\x00\xd4\xb0ACJLd6\xbe\
\x9c\xb7\x9b\xb8\x22\xe7\xed&\x05\x93{\xffZc\x18\x87\
\x0f\x1f\xa6\xe7G\x8d\xa2&w\xdeI\xe1aad2\
\x99\x9c\xe2z\xb3\x92vob\xd1l\xa4\x15\x85\xf4\xf2\
\x07\x80\x9a5mF\xe9\xe9\x19\xa2\xccg\xcd\x9aI(\
\xd2\x11}\xd7t\x9d\xbbj\xee\xa1m\xb6\xbf\xff\xfe;\
<\xfc\xf0\xc3X\xbcx1\x96\xafX\x8eo\xbe\xf9\x06\
{\xf7\xecQ\x1b\x10Gm@\x04T\xaaT\x19\xadZ\
\xb5\xd2\xf1\xe2\xe05\x22\xdb\xce!\xa1m\x9b\xb6\xf8\xe5\
\xe7_\xf1\xcf?\xff`\xc8\x90!\xf0U\xbbfZ\xf7\
\x00\x10\x18\xe8\xb8\xa4J\x0bI\xd6\xd7\xaa\x85Cr\xaa\
\xed\x5c\xc3\x9d;\xed{\xf6[Q\x144m\xda\x14_\
\xcf\x9a\x85\xcd\x9b7c\xfb\xce\x1d\xf8}\xc9\x12\xbc\xf4\
\xd2Kh\xd4\xa8\x91\xde'\xef\x12\xb9\xe1\x0e\x9d\xbb\x02\
\xbaWZ^.\xdd\xba\xf1\xa7}\xc7\xc3+\x84\x1f+\
\x81\xe2\xa0\xa0\xd4\xb9GXX8\xbc\xbd\xbd\xc4\xf3\xe9\
S\xa7u\xdf\x8b\x0d\xa3&]\x1f2\xd6\x08zM\xd7\
\xd5@\xea\xc6\xbb\xca\x95+\xd1\x8b/\xbe@\xdf}\xf7\
-\xcd\x981\x83b\xa2cD\xeb3q\xd2DV[\
\xc82\xf9\x07\xf8Spp0yy3\x1b[f\xb3\
\x89\xda\xb5kO\xcb\x97-\xa7\xac\xac,Q\xc3hq\
\xf5\xeaU\xca\xcf\xcf\x17\xfc\xc6\x8d\x1b\xebT\x13\x02\xa0\
\xb0\xd0P:q\xe2$Q\x91[\x1c#\x19[\x18W\
\xadLQ\x88\xf95\x22!!\x81&O\x99B\x95+\
\xb3\x1b\xb7ou\x92\xc4\x11\x82\xe2\x1d\x7f\x06@\xef\x8e\
aGYH\xb5\x05\xd7\xb7o_\xc1\xb3\x84t\xbd\xc7\
8\x1c\x85\x07\xe3\xe8\x1f;\xac\xdes,_\xb6\x1c\xff\
\xf7\xe0\xff\x81\x88\x10\x1d}\x05\x8b\x17\xff\x86\xc6\x8d\x9b\
\xa0v\xed\xda\xf0\xf0\xb0 \xe1j\x22\xce\x9c=\x83\xf0\
\xb0p\xb4o\xd3\x0e\xde\xaaU|\xed\xb8\xe9\xe0\xc1\x83\
\xf8\xfa\xeb\xafq\xe8\xe0!,_\xb1\x1c\xa1\xeat\xe8\
{\xef\xbd\x8b\x09\x13>\xd3\x85\xc7jF\x19?\xff\xf4\
3\x06\x0c\x1cP\xe2A\xa4#\xdd\xc5\xaf%]\xc3\x11\
\x11\x9e\xae\xbd{\xf7b\xfe\xfc\xf9\xb8r\xe5\x0ars\
sa\xb5Y\xa1\xd8\xed I]\x05\xe35<\xd4\xea\
_\xbd\xf5\x80HacE\x22u\xec\xc3\xc6NP\xd8\
.\x0fY\x96a\x92e\x98L&\x98\xccf5<\xe6\
\x92_Q\xa8\xbbeBm\xedIQ\xa0h2\x8c\x19\
\xca`-\x85p\xa3\xfeW\x14\x05\x8a]ANn\x0e\
bc\xe3\x90\x91\x9e\x0e\xbb\xdd&\xfcK,\xa1l\xb2\
\x84\x98[\x87l\x18\xf3\xd6XH,<Y\x96\xb1\xf2\
\xafU\xe8\xdd\x87\x19\x869s\xe6\x0c:v\xe8\x88\xc4\
\xc4\x04V\xd0%@\xb9R\x1cW\xe0y\xf4\xe5\xf4/\
\xf1\xd2+/\xe9\x14\xa1 h\xddm\xdb\xb6\x1d\xdf\xcd\
\xfe\x0e+W\xfe\x85\x94\xe4\x14DDF\xe0\xc0\xfe\x03\
\xe2\x8e\x9d\x17_z\x113g\xcc\xd4\xf9\xe7\xca;h\
\xe0 \xfc\xf4\xf3\xcf\x90\xd4\xc9\x8c\xf2\x016\xd0v\x08\
$\x03\x17D\xa8\xe9\x87Z\x01\x18\xa1\x1b\xc8\x93q\x1b\
7{\xe0\x15\x07\xfb\xad\xf6\xb14\x19\xe0\x5c\x06\xec\x1b\
\x91:\xfd\xc0\xd7\xe04\xc7\xc7\x85\x1f1\x09\xe0\x98l\
\xb0\xdb\xedHHLDrr2\xb2\xb3\xb3\xc5\xfa\x9e\
,I\x90d\x13d\x93\x8c\x95\x7f\xad\xc4\x84O?U\
\xd3d\x0c\x1f.e\x8c\x08\xe8\xd4\xa1\x13\xfeY\xf7\x0f\
\xbc\xbc\xbc I\x12~\x98\xf3\x03F\x0c\x1f\x01Y.\
\xf9\xacZ\x19\x8eqX\x8d\xe3:\xc1.@\xfa|\xf8\
o\xcbf\xd8l6\x17\x05\xe6\x1a\x04\xc2\xd6m[\xf1\
\xf8\xe3\x8f\xe3\xbe\xfb\xee\xc3\xa2\x85\x0b\x91\xaa\xdeCY\
\xbbfm\xf8\xf9\xa9\x0b`\x00\xe2\xe3\xe24>5\x90\
\x80\x0d\x1b7\xe0\xdc\xb9s\xc6/7\x1c\x5ci\xe2\xe3\
b\xf1\xf7\xdfk\x10\x13\x13\x03Y\x96\xd5{Q%\xe4\
\xe7\xe7#77\x17\xd999\xc8\xc9\xc9Enn\x1e\
r\xf3\xf2\x91\x97\x97\x8f\xfc\xfc|\xe4\xe7Y\x91\x9f\x9f\
\x8f<\xf1\xdb\x8a|+[\xeb\xb0\xd9l\xb0Zm\xb0\
Y\xd9\xba\x87,\x9b \xa9S\xf8\x9c\xb2\xb2\xb2\x90\x9a\
\x9a\x86\x94\xe4\x14$%%\xe3\xea\xd5$AIW\x93\
\x90\x9c\x92\x82\xb4\xd4T\xa4\xa7g ==\x03\x19\x19\
\x99HKOGZZ:\xd2\xd2\xd3\x90\x9e\x96\x86\x8c\
\xf4\x0cdff!==\x03W\xaf^\xc5\xb9\xb3\xe7\
\x10\x15\x15\x85\xe8\xe8h$\xc4\xc7\xe3jb\x22\x92\x93\
\x92\x91\x9a\x92\x82\xcc\xf4L\x98te\xefJ\xe2\xf5\xf2\
\xc5\x95b\xd4\xe8\xd1\xf0\xf6\xf6\x86$\xb1\x0b\x88W\xfe\
\xf5\x97\xc6}\xc9P\x86-\x8e\x11\x85\x04\xab\x99\x9ad\
\xad\xbc\x84\xa1C\x86\xe2\xf9\xe7\x9fG\xb3f\xcd\xe0\xe3\
\xe3\x03EQ\x10\x13\x13\x83\xc4\xc4D\x98d\x19\xbe~\
~\xc8\xcb\xcf\xc3\xa1\xc3\x87\xf1\xdb\xaf\x8b\xb1n\xddZ\
dee\x03\xaa\xa0\x11\x11\xcc\x16\x0f,\xfd})\x1e\
\xf8\xbf\xfb\x01\x00\xa9\xa9\xa9\xe8\xda\xb5\x0b\x0e\x1d:\xac\
\x09\x9c\xd7\xb2\xec&\xb2\xb7\xdfz\x1b\x13'M\x14\xdd\
\x91\xc2\x17\xee\xae/\x08\x04Y\x92p\xf6\xcc\x19\x0c\x18\
\xf8\x18\x0e\x1c8\x88\x96-Z`\xce\x9c\xb98p\xf0\
\x00\x16-\xfa\x11iii\xb0\xdb\xed\x90\xd4.\x97l\
2\xb1\xff\xaam1\xd6]R`W\xd8\xad\xd5\xacQ\
a\x82\xc4o\xc43\xc92\xcc\x163\x9a7k\x81I\
\x93'\xc1?\xc0\x1f\x12$|\xf1\xc5\x17\x987o\x1e\
\xf2\xf3\xad rt\xbbXk\xa3\xee\x0e\x91%\xc8\x92\
\x1a.\x9f\x08\xd0Mi\xf3\x96H\x82\xddnGfV\
&\x12\xe2\xe3\xd9-\xda\x05\xc0Qq\x92\x1b\xc1g\xef\
%\x89\xed\xfch\xd7\xb6=\xd6\xaf_\x07o\x1f\xa68\
\xfb\xf7\xefG\xf7\xee\xdd\x91\x9e\xce.\xacbqq\xc5\
\xa7\x10\xb8\x18\xf4\x94!\x19\x07u\x1ar\xb49$I\
\x12Af\xbf}|\xbc\xa9m\xdb6\xf4\xc4\x13OP\
\xef>\xbd)\x222\x82|||\xc8\xdf\xdf\x9f\xaaV\
\xabF\xc1\xc1Ab:ZR\xef\xa7\x91\xd5A%\x00\
\xba\xbb\xf5\xdd\x94\x91\xe1\x98\x96^\xbfv\x9d0\xee\xae\
%\x1eG\x00\x14\x1a\x1aJG\x8e\x1c%ri+\xed\
\x06\x90zA\xc8\x17\xd3\xa7\x11\x00\xf2\xf2\xb4\x90\x04P\
\x93\xc6\x8d\xc5%L\xd7\x92\xe6\xfc0G\xe4\xd7\x8c\x19\
3\x5c\xe6WY\x103\xe6\xae\xb77\xe0D\xdc\xad$\
\x91\xbf\x9f\x1fm\xfeo\xb3(7\xbb\xddN\x03\x07\x0e\
\x22\x00\x1a\x9b\x07%\x9b \xb8\xc1\x8a#9+\x8cA\
yxfI\x9a\xd9\x14c\x86\x02 h\xd6\x86\x84\xd1\
\x0f\xae4*\x01\xa0\x01\x8f>&\x84\x80\x88\xe8\xcd\xb7\
\xder\xe6\xa5\xe3\xc3\xfcu\xee\xd4Y\xdc\xdb\xc2\x05\x98\
-4\xe9\x7f\xf3\xe7\xebG\x8e\x19\xb6\x1d;\xb6S\xe5\
J\x95D\x9c}}}\x98=\x04\x17\xe7\xeeKJ\xef\
\xbc\xf3\x8e\x08o\xd6\xccY\xe4\xe9\xe9AP+%\xed\
\xff\xb2 n\xa3\xc0\xb5\xe28d\x86\xbb\x7f\xff\xbd\xf7\
\x89\x88\xc8fgG\xdb\x97\xfe\xb1\x94<==ue\
\xab\x979#O\xf7T\xa6v\xd5\x5c\xa3\x80fRt\
Y\x99\x1b\xdeJ\xcb2\xfb \xa9]\x00Y\xe63F\
\x8e.\x81f\x1c\xaaCDD\x0d\x0c\x1e4\x18\x92\xcc\
\x1c\xd4\xacY\x13D\x84\x8b\x17/\xea\xb6\x9dsH\x00\
$\x93\x8c\x0b\x17.\xe0\xec\xe93\xe8~ow\xf8\xfa\
\xfa\xb0\xb1\xb2pE\xaaK6\xcb\xc4\xa3]@\xca\xae\
\x09\x22\x22\x22\xd0\xb4Y3H\x92\x84\xf0\xf0p$&\
&\x22;;\x8b\x85\xad\x8e\xe79\xc2\xc2B\xd1\xb4Y\
S\x84\x85\x86#<<\x0c\xd5B\xab!$$\x04\xc1\
\x95*!88\x18\x95CBP\xadjU\x84\x86\x86\
\xa2j\xd5j\xa8U\xab6^~\xe9e\xbc\xfb\xfe{\
0\xc92\x16-Z\x84\x17_|\x11yyy\x905\
\x8c\xf9O\xde\x85\x92e\x09!!U\xc4\x89X\x93\xd9\
\x0c\x8b\xc5\x02\x0f\x0f\x0fX,\x16\x98-f\x98Mf\
\x98L\xea>;\xb5\xbc\x8a\x02\xd7]d\x96\xf7\xbc\xdb\
\xc79=1\xf4\x09L\x9c4\x09&\xb3\x09&\xd9\x84\
\xe8\xe8h<\xf9\xc4\x13\x88\x8fg\xbb\xcb%\x89@\xa4\
-\xa9\xe2\x95\xd6\x0d\x1c\xe3\x18QX4\x8a\x970W\
 \x22\x84\x87\x87c\xcd\x9a5h\xd6\xac\x99\xaa`\x8c\
\xef\x993g\xb0\xf8\xb7\xdfp\xe2\xe4\x09lX\xb7\x0e\
\xf1\xf1\x09\xe2\xb2^I\xdd#\xa6(\x84\xbb\xef\xbe\x1b\
\x93&MB\xb7n\xdd\x04_>\x93\xc5\x0b\xcf\x18S\
\x87Z9`tS\x18\x14\xb0icG\x1f\x9f\x81?\
\xc7\xc4\xc4\xa0S\xa7\x8e\x88\x8a:\xaf\xbec\xa1\x11\x01\
\x0d\x1b6\xc2\xa2E\x0bqg\x93&P\x14;H\x8d\
\xb3\xddn\x87\xddn\x07)l\xca\x96\x8d\x83\x98\x10z\
xx\xc0\xd3\x93-\x18.[\xb6\x0cO=\xf9\x14\xd2\
\xd2\xd3t\xbcY\x00,\x83\x88\x08\x16\xb3\x19c\xc7~\
\x8c!C\x06#=#\x03YYY\xb0\xdb\x99m\x01\
Y\x92\xd5)p6\x1eba+\xb0\xe6\xe7!+\x9b\
M\x10ddd 7'\x1bV\xab\x15v\x9b\x1d6\
\xbb\x1d\xd6\xfc|\xd8\x15\x05\xeb\xd6\xaf\xc7\x81\x03\xfc\x18\
\x8asnJ\x12[,\x06\x80g\x9e\x1e\x8e\xaf\xbe\xfa\
\x12>\xbe>\x00\x80\xb4\xf44\x0c\x1e4\x18\xabW\xaf\
v\xca\xbf\x92\xa2\x1c)\x0e\x0aP\x9ek\x93X\xa8\xca\
\xd3\xa1C\x07\xcc\x9e=\x1b\x8d\x1b76~\x06\x00l\
\xd9\xba\x05\xcf<\xfd\x0c\xce\x9c9\x03\x93,CQ[\
\x12\xa8\x02\xe7\xe3\xe3\x83!C\x86\xe0\xe9\xa7\x9fF\xd3\
\xa6M\xe1\xe3\xc3\x0a\xe8F\xe2\xc0\x81\xfd\xe8\xda\xad\x1b\
\xd2\xd3\xd2E\x8b\xa0\x10\xa1m\x9b\xb6\x987\x7f>\x1a\
6l\x00\x00\xc8\xce\xcaBVV6\xdb\xf4\xa8\x0e\xec\
%\xb0\xda\xdcdf3f\x12$\xd8\xed6ddf\
\xe2\xcf?\x97\xe1\xe3\xf1\x1f#5%\xc50\x0d\xaci\
o\x09\xf0\xf1\xf6\xc1\xd4\xa9S\xf1\xfc\xa8\xe7\x01\x00y\
yyHNN\x86\xd9lQ\xa7\xb7\xd8\xf44\x11\x81\
\xf8D\x02\x01\x8abG^^\x1e;/\x93\x9d\x85\xec\
\x9c\x1c\xd8\xac6\xd8l6\xd8\xec6\xe4\xe6\xe6\x22'\
7\x173f\xcc\xc0\xfe}\xfb\x85\xe2j\x1b)\xaeF\
\xb2,c\xdc\xb8\x8f\xf1\xce;o\xab\xb3\x8b@nn\
.F\x8f\x1a\x8d\xb9\xf3\xe6\xaa=\x15\xdd\xacz\x89Q\
\xce\x14\x07n\x94\xe7\xda(\x8e\xa4\xce\x1c\xd9\xed\x0aj\
\xd4\xa8\x81\xe7\x9e}\x16\x0f\xf5\xeb\x87\xc6\x8d\x1b;\xd5\
D\xa7N\x9f\xc6\xd3O\x0f\xc3\xf6m\xdbu\xdf\xb45\
\x9b\x8f\xaf\x0f\xeelr'\x9a\xb7h\x8e\x86\x0d\x1b\xa1\
R\xa5`\xb6\x89\xd1n\x83\xcd\xca\xac\xde\x00\x80$\xcb\
0\xf3Y-\x99\xaf\x890~|\x96I!~\xc6A\
\x82l\x92!K\x12\x14\x22\x98L2Ha\x06'\xac\
6+@\x0a\x88\x00k~>r\xf3\xf2\x90\x9b\x97\x8b\
\xac\xcc,\xec\xde\xb3\x1b{\xf7\xecUkw\x09v\x85\
\xd0\xa5sg\xfc\xf4\xf3/\xa8^=\x1c\x00\xb0n\xdd\
Z\xbc\xf7\xde\xfbHIafi\x89\xaf\xb9\xa8\xeb%\
&\x93\x09\x92\xda\xca\xdal6\xa4$'#))I\
|\xe7\xae\xc5\xa2\xa7*\xc0\x01\x01\x01\xf8\xe6\xebo1\
\xf8\xf1A\x00\x80\xd3\xa7O\xe1\xc5\x17^\xc2\xb1\xe3\xc7\
\xe0\xe9\xe9\x09\xd65Rg\xd5\x00(v;[\xccT\
\x08v\xbb\x1d\xf9yy\xc8\xc9\xc9Q[!\x1bXV\
\xb0\xfc\x10\x0b\xa1\xbc\x0c\xd4g\xa3\x94\x98L&L\x98\
\xf0\x19\xdez\xebM\xf1NQ\x14\xbc\xf4\xd2\xcb\x985\
k\xa6:\xa3(\xa9\x95\x85\xb3\xffb\xc38\xe8\xb9\xf5\
\x89U|\x9c\x02\x03\x03\xa9_\xbf~\xf4\xf7\xdfk(\
;;[L\x1a\x10\x11%%%\xd1\xe0\xc1\x83\x09\x86\
\xad\x19Z\xff\xd7\x8b\xf8\xa4D\x97.\x9d\xa9G\x8f\x1e\
\xec\x1d\xf4w\xa7\x1aI\x96$2\xa9\xfe\xbav\xeeL\
\x97.^\x12i\xf9\xf3\xcf?\xa9J\x95*N~8\
q\xbe\xb2,\x91\x8fzG\x11\xd4\xc1\xbf\xab\x813\x8f\
_pp%Z\xf2\xfb\x12\x11\xce\x91#G\xa8Y3\
v\x13uI\x88\xf3v\x18+\xd4\x86\xefb\xb6U5\
};\xe3+\xfdu\x98V\xab\x95\xdex\xfdu=_\
'Y(9\xdd\xbe\x8a#\x81$\x8d\xd9T\x8b\xd9B\
m\xdb\xb4\xa1W^}\x85\xa6N\x99L\x7f\xff\xfd\xb7\
\xb0\xc4\xf9\xd1G\x1f\x91\xa7\xa7\xa7\xa1\x80\x8d\x97\xf8\x1a\
\xc3aa\x15N\xcc-\x17\x16\x93,\x91Y\xb5\x9f\x1d\
\xe0\xefG\xeb\xd7\xad\xa7\x03\x07\x0eP\x9d:\xb5\xc8$\
Kd\xb1\x98\xc9\xac\x9a\x90e\xf6\x97\x99\x1f>\x03\x09\
\x80\xfa\xf4\xeaMW\xd4\xab\xff\x88\x88\xbe\xfb\xf6[\xf2\
\xf3\xf3c\xf1\x163\x95\xaa0\xa9v\x9c%\x80jT\
\xafN3f\xcc\xa4\xf5\x1b6\xd0\xf0\x11\xc3\xc9[\xdd\
\xff\xe7\x8ej\xd5\xaaEk\xffY+\xc29p\xe0\x00\
5j\xd4\x88\x85#f\xac\x8cy\xe2\xc8s1c\xaa\
!\xb6t \xb3\xe9b\xcd\x8c\xa8\xc8O\x1e\xbe\xca'\
  \x80\xbeW\xa7\xcb\xf9\xec_JJ\x0a\x0d\x19:\
DSV\xceq(-\xdd\xb6\x8a\xa3+T\x99\x91V\
(d\x93L={\xf6\xa4\xbd\xfb\xf6\x12\x11\xd1\x82\x05\
\x0b\xc9\xdf\x9f\xdd\xae\xec(tg\x05(\x09\x09a\x11\
$\x91\xa7\xa7\x07}\xf5\xe5WB(w\xec\xdcI\xad\
Z\xb5\xa2\xaa!!\x14\x1c\x1cDAAA\x14\x1c\x14\
D\x95+\x05SH\xe5\xca\x14R\xb92U\x09\x09\xa1\
\xe7F\x8c\xa4\xab\x89\x89D\xa4Pnn.}4v\
,yxx\x92$\xa6s\x0d\x0a\xab\xfe\xafY\xb3&\
\xed\xdb\xb7_\xdcvFD\xb4v\xedZ\x9a9s&\
}\xf1\xc5\x974m\xda4\x9a2e*M\x9a<\x99\
\xa6L\x99B3g\xce\xa2\x93'\xd9\x06X\x22\xa2-\
\x9b7S\x9d\xda\xb5E\xdeI2\x0bC\x9b\xa7\xc5!\
\xb3\xc9\xa4[N`\xf1\xd5\xb78\x91\x11\x91\xb4q\xe3\
F\x22\x8d\xd2\x9c>}\x9a\xbau\xfb\x1fA]\xab\x11\
\xfe\x5c\xe4{)\xa9\xbc\x8dq\xae7X\xbf\x9c\x8dw\
\xd8*:\xd4>4\x91\x02\xe2\x83M5W\x82\x82\x82\
\xf0\xd6[o\xe2\xb5\xd7\xde\xc0\xf6m\xdb0\xec\xe9a\
\xb8x\xf1\xa2\xeaG\xcb\xb7t\xe30Ibc\x07R\
\xfb\xe6\xc3\x9f\x19\x8eq\xe3?F\xd4\xb9(\xb4\xbe\xab\
5\xbc\xbd\xbc\x90\x90\x90\x80\xd8\xd8X\xc7>.u\x03\
&\xeb\xbb\x13L&\x13j\xd7\xa9\x0d//oX\xad\
V|\xf8\xe1\x87\x984y\x12@|\x8c\x02U\xe6\xd8\
?6%\xcf\xc6l\xa3\x9e\x1f\x8d/\xbe\x9c\x8e\x01\x8f\
=\x86\x07\x1e\xf8?\x0c{z\x986z\x05b\xeb\xd6\
\xad\x18<x\xb0\xb0\xc2\xc3\xf3\x94\x1f6|\xfe\xb9\xe7\
qO\xdb6\xc8\xcf\xcfg\x83~\xd5\xea)\x9fa#\
\x85\xed`\xb0Z\xadP\x14Bff\x06~\xfa\xf1G\
\xc4\xc5\xc6\x8a\xb1\x0d\x17R\xce\xbbE\xb3\x16\x987\x7f\
\x1eZ\xb4l\xc1&8$\x09\xbbv\xed\xc4\x93O\x0e\
\xc3\xa9S'!\xcb\x92\xba\x9fOV\x0d\x9a\x94\xae|\
\x9c\xe0B\x93nqr\xd5B\x18[\x0fF\xda\x1a\xb0\
g\xcf\x9et\xee\xdc9:w\xee\x1c\xfd\xdf\x83\xff'\
\xde\xb3\x9a\xd5\xc8\xaf\xf8\xc4[\x1d\xbe\xeba\xc9\x92%\
\xb4`\xc1B\x0a\x0d\x0d\xa5\xfd\xfb\x0f\x88\x9a\xbd(H\
OO\xa7W^yE\xa4\x81\x85\xa1\xfeWkq\xc9\
\x10\xde3O\x0f'EQh\xfa\xf4\xe9\xb4\xf9\xdf\xff\
\x88\x88\xe8\xd4\xa9S\xb4y\xcb\x16\xda\xf4\xef\xbf\xb4q\
\xd3&F\x1b7\xd1\xa6M\x9b\xe8\xdf\x7f\xff\xa3m\xdb\
\xb7\xd3\x82\x05\x0b\xa8z\xf5\x1a\x04q\xdb\x04\xbb~\x83\
\xe7\xcf\x0b\xa3_$\xbb\xcda;\xba0\x9c\xbfp\x81\
\x1e\xee\xdf\x9f,\x16\x8bS\xfep\x9e\x0f=\xd4\x8f.\
_\xbeB\xa4ii\xfe\xfd\xef_\x8a\x8c\x8c\xd4\xa4\xf7\
\xba\xd3\xed\xd6\xe2\xb8\x83\xebl\xd0N]\x86\x85\x85\xe3\
\xd5W^\xc6SO\x0d\xc3\xca\xd5\xab1n\xecG\xb8\
x\xf1\xa2a\x9a\xb6t\x90\xd4=V\x93'M\xc1\xab\
\xaf\xbf\x8a\xd3\xa7N\xa3a\xa3\x06\x88:\x17\x85?\xff\
\xfc\x13\xc9\xc9\xc9\xb0\xda\xacb&NQg\xa2X\x0d\
\xcexD\x9d;\x87\x0d\xeb7\xa8\xb3`|\xb2\x16\xba\
8\xf2\x9a\x9b\xd5\xccl\x81\xf4\x97_~E\xa7\xce\x9d\
p\xe2\xc4q|=k\x16\x96,\xfd\x03\xe9ilO\
\x17x\x8bH\x00\xd4}f\x92$!7/\x17\x8a]\
\x11S\xbd\x8c7\xfb\xff\xd6\x9boa\xfc'\x9f\xc0b\
1#++\x0b\x13&L\xc0\xc1\x83\x07\x91\x9f\x9f\xcf\
\xecl\xab-\x85I\x96\x01\x89Ma\x9f9s\x06\xf1\
q\xf1\x8e\xd6\x9c\xd4\x99L\xd5\xa4\xd4;\xef\xbc\x837\
\xdex\x03\x9e\x9e\x9e\x22\xbc\xa5K\x97b\xf4\xe8\xd1\x88\
\x8f\x8fgko\x9a\xd9\xc2\xeb\x06\x17\x9at\x9b\x93s\
\xcb#I\xfa\x89\x84\xa6w\xdeIs\xe6\xcc\xa5\xbf\xff\
\xf9\x9b\x1ey\xf8a\xcd6\x0e#\xaf\xe2\x11\xeb\xd3\xb3\
~|\xcd\x9a5i\xd3\xa6M\x94\x98\x98H\x0b\x17-\
\xa2\xbau\xeb\x89\xf0\x8bB\x92z\x89\x931\x1d<\x8e\
\x16\x0f\x0b\xf9\xfb\xab\x13\x06jm\x1e\x1c\x1cL\x1d;\
v\xa4\xea\xd5\xc3\x9d\xf8\xe9x\xeb\xc2\xd1n\x85a|\
\xcc&\x13M\xfcl\x92hE\xd2\xd2\xd3\xe8\xf1\xc7\x1d\
\x83\xf5\xc2\x88\xe5\x87\xfa\xac\xfeo\xd0\xa0!m\xd8\xc0\
\xc63\x1c\x8a\xa2\xd0\xe4\xc9S\xc8\xdb\xdb\x9b\x008\xee\
\xddq\x91\xb7\xd7\x9a*\x14\xc7-\xb9P\x1e\xc9Q\x90\
\x00\xa8j\xd5\xaa\xd4\xa4qc\xf2\xf1\xf1\xd6\xec}*\
9i\x07\xef\x00\xc8\xdb\xdb\x9b\xaa\x85Vs\x08\x11\x9f\
\x90\x80\xc3\x9d\xa4\x11.\xfe\x9d\xcf\xd01\x012\xa6\x81\
\x09\xf7{\xef\xbeG?\xff\xf2\xb3\x10:Y2^q\
\xae\x0d\xcf8\x1b\xa7\x0f\x13\x9a\xe9s\xb3\xd9LS\xa7\
N\x13\xc2\x9d\x9e\x91N\x83\x1fgS\xfa\xfa=f\xc6\
x\xe9\xe3'\xc2\x01\xe8\xce;\x9b\xd2\xe9Sg\xb8\xba\
\x10\x11Qff&\xbd\xf0\xc2\x0b\xc2\x0dK\xb3c\x7f\
\xa21o\xaf5U(N\x91\xc8Q\xa8Zr\x08\x99\
\xd1}I\xc9Y\x80\xb4\x82\xac\x8f\x83Q\xe0\x5c\x91\xb3\
;\x00\xf4\xca\xcb\xaf\x0a\xe3(\xbf\xfe\xfa\x0bU\xae\xec\
\xd8(Z\x1a\xf2\xf1\xf1\xa1\x993\x1c\xeb))))\
\xf4\xd8\x80\xc7\x08\xaa\xd2\xb0\x16\xb0\xf0\xf8kyzy\
z\xd1\x86u\xfa\x96\xe6\xe8\xd1#\xd4\xabW/\x82\xc8\
\x17c>\x96\x09U\x8cqJ\x03MW\x5c\xf3\xeb\xda\
\x8cw\x9c\xa1\xe5]\xfcb#\x02\x86<>\x14s\xe6\
\xfe\x00\x93\xba7M\x92$\x1c8p\x00\xbb\xf7\xecF\
fV\x16\xf2\xf3\xf2!\x01\x90M2\xb3=\xa6n\xa0\
\xd5\xed\xac\x90\x98]2\x93\xd8\x0d!\xc3n\xb7\xa3n\
\xdd\xba\xe8\xd1\x83Y=MHH\xc4\xb3\xcf\x8e\xc4\xb2\
e\xcb\xc4\xa6\x5c>\xae\xd2\xc3\xf9\x9d\xd6\xd9\xfd}\xef\
\xc7\xb2\xe5\xcb`2\x99`\xb3\xd90o\xfe|\x8c\x1b\
;\x16\xd1\xd1\xd10\x99L\xea.\x8e\xeb\x99\xe7n\xe0\
B\x93*\xa8Tt=kAW|\x9dklW\x04\
\x80\xbc<<i\xcf\x1e\xb6.5y\xd2d:t\xf0\
\x90\xae&\xbfV\xb8r\xe5\x0au\xbf\xf7^\xd1\xd2\xf0\
\xb8\x16x\x1c\xc0\x10WN\x13?\x9b(\xf8\x9e?\x1f\
E\xd5\xaaV\x15|y\xf7\xcc\x99g\x99PE\x8bs\
\xad!I\x12\xdb\xc7\xa5\xb0\x93\x9a|FJk\xc0\xe2\
\xda\xa2h|%H\xf8\xf6\xbb\xd9\x181b8bc\
cQ\xb9r%(\x0aa\xff\xfe\x03HKM\x85]\
\xb1\xab\x06\xfa\xd8\x15\xecf\x93\x99\x19t$\x87=\x03\
n\xe4]\xe2\xa6w\xd5\x96\x88\x1bC$\x22L\x980\
\x01\xdb\xb7o/\xe2\x99~\xd7\x0e\xb8\xbf_\x7f]\x8c\
\x01\x03\x1e\x03\x00\xec\xd8\xbe\x0d\xdd\xbb\xdf\x8b\x9c\xbc\x5c\
\x17{\xd0\xcb\x16\x15\x8as\xcd\xc1\x16XCCC\x11\
\x10\x18\x80\xd3\xa7N\x1b\x04\x88w+\xf8\x8bk!\x00\
E+B\x22 \x22\x22\x12\xd3\xa7OC\x9b6mp\
\xec\xd8q\xcc\xfaz\x166\xac\xdf\x00\x85+\x8d\xca\x8d\
o\x8a\xe4\x8a\xc17\xa3\x8a\xee\x96&\x09\xbc\x1b\xc7\xbb\
M\xf9\xf9V1E/I\x5c\x09\x5c\xc5Q\x9b\x0f\x0e\
h\x9d\xafY\xbd\x06\xbdz3\xeb4\xeb\xd6\xaeE\x9f\
\xbe}`\xb3\xd95\x0b\xba7\x08.\x9a\xa0\x0a*1\
9\xba\x1a5#k\xd2\x9f\x7f,\xa3*j\xd7B\x92\
\xae\xed6\x1d=\x19\xf9\xba'\xa8\x9b\x22\xc3\xc2\xc3\xc8\
C=\x02\xcd\xa7\xadUq\xd5\x91\xd1\xbf\x91\x17\xa0\xee\
\xfb\x93@\x12\x9f\x19\xe4\xb3zE\xb2\x81\xe6L|\xc6\
\xcel6\xd3\xa6\x8d\x9bDWm\xd5\xca\x95d63\
+\xa6\xceyP\xb6\xe4\xeaH]\x05J\x0ab\x83`\
\x09@\xe2\xd5\xabh\xd6\xac\x19\xdez\xf3-\xf6\x8d\xd7\
\xdej5)AvT\xabe\x08I\x02\xacV+b\
cb\x91o\xb5B\x92$\xd8y\xf7K\x8d\xa2\x83X\
z\xdc\x91p\xa7\xe1\xcf\x8e\x03\xb0V\x86Q\xf1\xd3\xc8\
\xf91{n\x0e\xc3\xec\xfc8Gy@\x85\xe2\x5cK\
\xf0\x12\x97\x80\xbc\xbc\x5c\xc4\xc5\xc5b\xd4\xa8Qh\xd9\
\xb2\xa5\xc3R\xbe\x10F\xad\x87\xb2\x05W\x0a\xd6\x9d\xd2\
\x18\xad/6\x8c\xca\xc4\xdfi\xc1\x15\xc7\xf8\xbepH\
\xaa\x85\x1e\x0e6\xc6\xd29\xb9a\xa8P\x9ck\x0aV\
\xaa\x92\xc4L\x1eE\x9d?\x0f\x1f\x1fo\xcc\xf8j\x86\
\xe1\x8eS\x88Ca\xd7\x06\xc5\x11J\xa3\x90\xbb\xfa\xcd\
\x9fK\x0b\x9eF\xde\xab+\x1e\xd84\xb8VD\xb9\xb2\
\xdfxT(\xce5\x85\x04\xcd\x96-\x5c\xb9|\x09\x00\
\xd0\xa1c\x07l\xdc\xb4\x11\x8f?>D\xdd\xad\xeb0\
&r\xedP\x10C\xae\x14\xee\xdc\x18\x15\xc6\x9d\xbb\xe2\
\xa2\x94|\x1cs\x13\x80\xc6HKy@\x85\xe2\x94\x1a\
\x8e12@PM1\x03\x00v\xec\xd8)\x8e\x00\xd4\
\xaaY\x0b\x8b\x16.\xc4\x0f?\xccA\x95*U\xaeS\
\x97\xc3\x95P\xb9zws\x82[\xc5)\x0f(c\xc5\
\xd1\x0bYI\x9a\xef\xf2\x03w\xf1g\xef%\x09X\xf3\
\xcf\xdf\xf8\xf6\xdbo\xc5\x17I\x960l\xd8Sxf\
\xf8p\xb5\xcbv\xbd\xf3\xa1|\x08Y\x89q}j\x97\
k\x822P\x9c\xc2\x84\xc3(@\xee\xdc\xddL`[\
T\xac\xf9\xf9x\xeb\xad\xb70m\xda4\xe4\xa87\x1e\
[\xadV\xec\xdb\xb7\xd7\xe8\xe1\x1a\xa6\xbb\xb0nYY\
\xa3(\xf1\xd1\xbaq\xb85\x99L\xf0\xb0x\x08W6\
\x9b\x0d\xc4Mq\x89\xb77\x06e\xa08%\xc1\xb5\x12\
\xa2\x1b\x01V\xa4\xa4\x0edsrr\xf0\xc6\x1bo\xe0\
\x7f\xff\xfb\x1fV\xadZ\x85}\xfb\xf6a\xe3\xc6M\xea\
X\xc7\xe8\xf7V\xaa<\x5c\xc1\xa8\x1c\x05+T`P\
 *\x87\x84\x88\xe7\xd4\xd4Ta\x0f\xfbF\xa3\x0c\x14\
\xe7\xc6'R\x8f\xeb)\x98\x9a\xb4\x12\x01\x9a\xb5\x8e\x9d\
;w\xe2\xc9'\x9e\xc4\xb4\xe9\x9f\xc3\xae\xde\x81Y\x81\
\x82\x11\x14T\x09\x95*\x05\x8b\x99\xc8\xa3\xc7\x8e\x81\xe0\
\x98\xd1\xbf\x91\x92u\x9d\x15\xa74BZ\x1a\xbf\xee\xa0\
\xe5\xe7\x9a\x7f\xd1\xea\xc2\xe2\x80q\x92$\x09I)\xc9\
X\xf9\xd7J\xb6\x86\xc2\x05\xc0-\x9c\xe3v\xbb!\xa2\
z\x0d\xf8\xfb\xf9\x01`\x0b\xa9g\xce\x9c1:\xb9a\
\xb8.\x8a\xe3\xd8\xd7\xe4b|\xc7\x9f\xb9\xdc\xba\x96\xdf\
\x22\xa2\xb8\x1e\x8d\x92j|\xd6@\xfdT\x80\x0b\x03\x0a\
w)K\x12\xac\xf9\xb9\xea\xe2c\xe1\xee\x8b\x9f\xbe[\
\x0b\xcd\x9a7c\x9bI%\x09i\xe9i\xb8p\xf1\x82\
Z\xd9\xb0\x1d\x1872wJ\xad8Z\x01\x10\x0b|\
\x12\xe0\x1f\xe0/L\xc3\xea\x14\x88'\xdc(\x16%\xca\
\x85\xa2\x08\x9f\x11z?\xda\xcd\x8b\xc4\xcf\xf1\xabv\xa2\
\xf9o\xf1]\x17\xc9\x12\x84M\x046\xb6\xe5&\x5cK\
\xc0\xe3\x16\x87V\x9e\x9a7o.~_\xb9|\x19\x17\
/\x5c,`\xc3h\xd9\xa2\xd4\xbb\xa3eYf\x86\xbc\
\x09h\xd5\xb2%\xee\xed\xd1\x03M\x9b6C\xa3\x86\x0d\
\x91g\xcd\xc7\xd9\xb3g\xb1o\xdf>\xfc\xf6\xdbb\xc4\
\xc5\xc6\x01\x12[$\xe4\xa6\x8384\xfa\xe4\x02n?\
\x94\x10\xccH\x84\xa2\x10\xaaT\x09A\xe7\xce\x9d\xe1\xed\
\xed\xad\x09\x87\x00\xf5\xe0\x95\xddnGtL4\xa2\xa2\
\xa2\x10\x13\x13\x0d>4)\x8e\x1db\xa9\xd0\xa2.\xf8\
\xeb\xb5O\x7f\xf9\x06\x11!00\x10\xdb\xb7mG\xe3\
&\xcc\xbe\xf7\xef\xbf\xff\x8eA\x83\x06\xeavp\xdfP\
\x18w}\x96\x84\x02\x02\xfci\xda\xb4\xcf)%%E\
\xecd5\xe2\xe8\xb1c\xf4\xe0\x83\x0f\x124;[\xd5\
\xf4\xb3w\x05\xee\xc4u\x0e\x93QA\xdf\xdc\x11\xe3\xc9\
\xcf\xc8\xb7m\xdb\x96\xd232\x8c\xd1\xd5!33\x93\
.]\xbaH\xbf\xfd\xfe\x1b=\xd8\xefA\xb2X\xcc\xba\
t\x14D\xce\xd6(\xf5\xf1(\x9c\x8c\xfenm\xe2\xe5\
\xd2\xb9Sg\xb2Z\xad\xa4Z\x7f\xa2\xd7_{\x8d\xa0\
\xb9#\xe7FS\x89\x14\xc7!\x08l\xeb\xf7\xec\xeff\
\x0b!3^+\xae(D6\xd5\xaeVnn.\x8d\
\x181B\xa70\x8e\x0b\xa1\x8c\xc2b|6\x92\xbb\xf7\
\xda\xef\xae\xfc;\xde\x01\xa0\xce\x9d\xbbPvv\x8e.\
\xce\x05A!\xa2\xc5\x8b\x7f\xa5\xb0\xb0\xb0\x22\x17\xa4\xb3\
\x1b5\x0eN\xe9vEF\xbf\xb7.\xf1|\x02@\x93\
4Vrrrr\xa8k\xd7\xae,\xbf]\xf8\xbb\x11\
T\xa21\x8e$\xb1\xb9@\x22\xa0W\xcf\xdex\xfa\x99\
\xa7\xc58@\x92$\x5c\xbat\x09\xbf/Y\x82\xbfV\
\xfe\x85\xc4\xc4\x04\x98L,\x98\xe4\xe4d\xc4\xc4\xc4\x08\
\x1e\x8e\xd9%\xde\x15\x914\xdd\x12\xf6[\xbb\xc9\x8fM\
\xed:\x0f\xac\xf93\x7f\xcd\xf8jyiu\x95\x83\xfd\
\xf6\xb0x\x88\xf8\x11\x11rrr\x90\x91\x91\x81\xcc\xcc\
Ldff\x2277\xd7\xe1C\xbd\x12\xe3\xb1\xc7\x06\
\xe0\xc7\x1f\x7fDPP\x90\xe8:@\xc4\x8f\xc7\xd1\xf1\
\x9f\xa5C\xfd&\xe2+\xa9\x03_u\x1b\x89\xc8\x0fc\
\xdc\x0d|\xd5.\xa2\x83\xf7\xad\x03\xde\xed\x0d\xf0\xf7G\
\xcf\x9e\xf7\x89\xf7QQQ8t\xf0\xa0\xc3ay\x80\
Q\x93\x8aB\xdc\x04\x0f\x00\xfa\xf6\xdb\xef\x88\x88\xc8n\
g\xad\xca\xb2?\xff\xa4\xc8\xc8H\x92$\x90\xd9l\xa2\
\x96-Z\xd0\xf6\xed;h\xed\xdau\xd4\x5c\xb5b\xaf\
\xaf\x81y\xad\xaa\xafa\xb9\x95I\xad\xd9\x1f\x1e\xb6+\
\xbf\x5c3\xb4~\xf5|\x9d\x09\x00\xf5\xea\xd5KX|\
!\x22\xfa\xe2\x8b/\xa8E\x8b\x16t\xd7]w\xd1]\
w\xddE\x9d;w\xa67^\x7f\x9dv\xef\xde-\xdc\
\xf0V\xf5\xd3\x09\x13D\x98\x92\xc4,X:\xe2\xeb\xb8\
*\x8f\xc7Mk\xcbX\xefN52.\xee\xa5\xd4\xa7\
O\xeb\x96\xa7\xcf9/n\x0d\x02@\xdd\xbav\xa3\xbc\
\xbc<\x91\xdf\xf3\xe7\xcf/W\xad\x8dT\x92\xae\x1a+\
Df\x1d\xdf\xd3\xc3\x936\xac\xdf \x84)//\x8f\
\xda\xb7oOP\x8d\xd2qS\xa8\xd5\xaaU\xa3\x80\x00\
f\xb0\x5c\x96\x99\xc18.LZb]\x17\x1e\x8e\xc3\
<\xab\x91\xb8%|\xfe\x1c\x5c)\x98j\xd6\xaaIa\
\xe1a\xe4\xe5\xe5\xb0\xb0\xcfx\x19\xbb;\xaa\xe2\xa8n\
\xfa\xf4\xe9\xa3S\x9c1\xef\xbc\xe3\x14\x1eT\xab\xf8\x13\
?\x9bHv\x1b\xbb\xc1@\xb1+\x94\x96\x96F-[\
\xb6$\xa8\x85\xaaUp\x16>( \xc0\x9f\x22\x22#\
\xe9\x8e\xbaw\x90\x97\xc6\xfa\xbf#/\xdd\xa4\xd1\xa9\x22\
q\x93g.\xca\xe8f&\x00\xf4\xc9\xf8O\x98L\xa9\
e\xf2\xf8\xe3\x8f\x97\xbb\xb4\x16\xbf\xabF`;\x80\x01\
\xf5b!6\xcdDD0\x9b\xcdh\xa2\xce\x82\xd8\xc4\
\x15y\x12\xe2\xe3\xe3\x91\x91\x91\xceL\x9d\x82\xe0\xe5\xe5\
\x85\xcf\xa7M\xc7\xf2\x15+\xb0j\xcdj|\xf7\xfdl\
\xf8\xf9\xfb\x81\xd4 x\xd7KQ\x14t\xea\xd8\x09\xbf\
/Y\x82_\x16/\xc6O\xbf\xfc\x82\x07\x1ex\x00\xa4\
\xb0\xe9\xdc\xd6\xad[c\xde\xbcy\xd8\xb1c\x07\xb6o\
\xdb\x8e\xed\xdb\xb7c\xc3\x86\x0dx\xfb\x9dw\x10\x18\x18\
\xc4\xa6\xc6\xdd\xcdH\x89n\x9d\xeb,\xd0v\xff$I\
Bzz:\xde\x19\xf3\x0e\x16-\xfa\x11\x92\xc4\x8cq\
\x04\x04\x04`\xc8\x90!\x80\x9a\x17l\xba\x99uW\x1f\
z\xa8\x1f\x96,Y\x8a\xad\xdb\xb6a\xfb\xf6\xed\xd8\xb6\
m\x1b6n\xd8\x88\xcf\xa7\x7f\x8eF\x8d\x1a\xaa][\
\xc0\xdb\xdb\x0bs\xe7\xcc\xc5\xbf\xff\xfd\x87M\x9b6b\
\xce\x9c\x1f\xe0\xef\xef\xeb4]\xad(\x84\xa1C\x87b\
\xc1\xa2E\xf8\xf9\xd7_\xf1\xcd\xb7\xdf\x22\xa2F\x0dU\
\x7fn\x0d\x101\xd9\xe8\xde\xbd;\xa0\xa6>>!\x01\
;w\xee0:\xbd\xf10jRQ\x887\x99\x00h\
\xc6W3\x884]\xb5\xabW\xaf\xd2\xf8\xf1\x1fS\xd3\
fM\xc5\xf9p\x08K\x8b\xec\xee\x17\xb3\xd9D\x0b\xe6\
\xcd\x17\xb5<\x11Q\xcf^=\x09\xe2\x1amV\x13\x9b\
L&Z\xfc\xcb\xaf\xc2MFF\x06u\xea\xd4\x89\x00\
\xd0\x93O<Y\xe0,\xde\xba\xf5\xeb)\x22\x22\x82\xc5\
W\xd7u\x93t]\xb5\xfb\xef\xbf\x9flV\xc7\xd5\x16\
\xef\xa8-\x8e\xd6\x1d\xf7\x07\x80Z\xb4hIii\xe9\
\xa2\xbb\xb6w\xef\x1e\xf2\xf3e\xa6d\x01\x90\x8f\xb77\
\xcd\x9a\xf9\xb5\xc8\x0fW8\x7f\xfe<u\xef\xde]\xa4\
w\xce\xf7?\x88ov\xbb\x9d\xbawg\xd7Th\xc3\
\x0d\x0e\x0e\xa6cG\xd9\x95\xf1DD\xeb\xd6\xad\xa3\x00\
\x7f\x7f\xa7\xb2\xb9\xd9H[6\x00h\xe0\x80A\xba\x1e\
\xc0\xe2\xdf~\x15\xdf\x8c~o$\x95Hq$Uy\
\x00P\xf7\xffu\xa7\xec\x1c6+\xa5\x15\x96\xe4\x94d\
Z\xbdf5\xbd\xfc\xf2K\xd4\xa81\xbbl\x08\x00\x99\
\xd5\xee[\xebV\xad)==]\xb8\xff\xf1\xa7\x9f\x18\
_M\xf7\xa5q\xc3F\x94t5I\x08\xe9\x9c9s\
H\x96ej\xd8\xa0\x01E_\x89&R\xbb\x88\xd9Y\
\xd9t\xe4\xc8\x11:w\xee\xac\xe0\x97\x92\x92B}\xfa\
\xf4!h\x94V\x9f\x06\xd7\x8a\xf3\xee\xbbc\x0aT\x9c\
\x80\x80\x00\xda\xbf\x7f\xbfp\x7f\xf9\xf2e\xaaQ\x83Y\
\xeb7\xc9&\x9a:y*\x91&/\x92\x92\x92h\xdf\
\xfe}t\xf6\xecY\xdd\x8c\xe3\xf9\xa8(\xaa_\x9f\xd9\
\x83\xee\xd2\xb9\xb3\xaeO\xff\xfd\x0f\xdf;)\xce\xa3\x8f\
<BV\xab\x95\xecv\x85lV+\xf5\xef\xdf_M\
\xdb\x0d\xb3+vM\x88U\x90\xac\xbc\xef\xa8s\x07\x9d\
=\xc3\xcaPQ\x14\xb2\xda\xac\xd4\xb3'\xabP\x9d\xbb\
\xdc7\x96J\xa48z\x9b\xc4\x12\xbd\xfb\xde\xbb\xba\x0b\
\x89\x8cS\xd2III4\xeb\xeb\xaf)<\x9c\x19\xf3\
f\xb7\x89\x99h\xd1\xc2E\xcc=\x11%''S\x93\
;\x9b\x88\xefP\xed\x1bs~YYY\xd4\xad[7\
\x02@o\xbc\xfe\x86x\x9f\x93\x93KC\x87\x0e%\x7f\
?\x7f\x0a\x0f\x0b\xa7Y3g\xd1\xb6m\xdb\xa8e\x8b\
\x16\xac63\xb1\x96\xcb\xa4^T\xe4H\x07S\x9c\xbe\
}\xfa\xeaj\xb8\x0f\xde\x7f\x9f\x09\xa41\xcd\xaa_\x0f\
\x8b\x85\xd6\xae]'\xdc'''Q\xc3F\x0d\x09\x00\
u\xeb\xfa?\xca\xc9\xc9ac \x22\x9a;g.5\
k\xd6\x8c\x02\x03\x02(\xa2F\x04\x8d\x1a\xf5\x1c\xc5\xc6\
\xc5\x92\xdd\xce\xf2g\xee\xdc\xb9d6\x9b\xc9\xdb\xcb\x9b\
\xd6\xaeu\xdcl\x96\x90\x90@u\xef\xb8C(\x8f\xc5\
b\xa1\x15\xcbV\x88\xef\x07\x0f\x1d\xa2J\x95*\x91\xac\
^\xa9a,\x9f\x9b\x85\xb8\xe2\x03\xa0\xe0\xa0`Z\xaf\
\x8e\x97y\xa5\xf3\xc7\x1f\x7f\x90\x87\x87\x07I\xe5p\x22\
\xa4D\x8a\xa3c\xa0\xb6$\x0f?\xf20m\xde\xfc\x1f\
eff\x8a\x02\xd6f\x02\x11\xd1\xee\xdd\xbb\xa9V\xad\
Z\xc2_\xbbv\xed(+\xcbq\xef\xe6\xe4\xc9\x93E\
\xed\x12\x1a\x1aJ'\x8e\x9f\x10\xdfV\xadZE>>\
\xcc@\xf8\xb8q\xe3\x88T\xc5\xc9\xcd\xcd\xa5\xc7\x1f\x1f\
B\x1e\x1e\x1e\x04\x80,f3U\xaa\xc4l!\xf3\xda\
\xcc\xa18\xfa\xee\x1a\x00\xea\xdd\xbb7Y\xf3\x1d\x8a3\
\xf6\xa3\x8f\x84\xe2h\x17.\x99\xb2Kd1\x9bi\xdd\
?Z\xc5I\xa6\xc6M\x9a\x90\x04\xd0\x0f\xb3\x1d]\xae\
-[\xb6\x92\xc9\xc5\xc0\xff\xa5\x17_d\x8b[D\x14\
\x1d\x1dMu\xea\xd4!\x004p\xc0@RT\x85\x22\
\x22z\xef\xbd\xf7\x84\x9f\xf6\xed\xdaSff\xa6\xa8\x90\
>\xf8\xf0C\x91>\xe9\xa6jq\x5c\xb7\x1a\x16\xb3\x99\
~\x98\xfd=\x91\xa6\xd2\x8d:\x7f\x9e\xea\xd5c-\xb2\
\xb1\x12s&\xd7|\xaf'\x95RqX\xc1\xf2\xff\x9e\
\x9e\x1e\xd4\xa6\xcd=\xf4\xf6\xdbo\xd1_\x7f\xad\xa0\xa4\
\xabIDDd\xb3\xdb\x85\x02}\xf5\xd5W$\xa9\x02\
i\xb1Xh\xd5\xaa\xd5BX._\xba,.\x07\x1a\
1|\x84.#\x07\x0d\x1a$\x04i\xc0c\x03\x84\x1f\
\x22\xa2\xac\xac,\xda\xb6m\x1b\xcd\x9d;\x87\x9e{\xee\
Y\xbaC\x15Fg\xc5q\x8e\xbbqVm\xfc\xc7\x1f\
\xab~5\xab\xfe\xb2D&\x93\x89$\x09T%\xa42\
\x1d;\xc2\xc6\x1a\x8a\xa2\xd0\x95+W\xa8~\x83\xfaT\
)8\x98\x0e\xa8]8EQ\xe8\xd0\xa1\x83\xf4\xcd7\
_\xd3\xec\xefg\xd3\xf7\xdf\xcf\xa6\xd9\xdf\xcf\xa6\xeff\
\x7fG\xabW\xad\x12\x0b\xc2V\xab\x95\xfa\xf4\xedK\x00\
\xa8r\xe5\xcatT\xe5KDt\xe8\xd0!\x0a\x0e\x0e\
\x22\x00\xe2JCEQ(==\x9dZ\xb4l\xa1\xe6\
;KK\xe1\x82u#\x88\xf7H\x8c\xc4\xbe\xf3\xbc\x05\
@\xaf\xbd\xf2\x9a\xae\x97\x92\x9a\x9aJ\xf7vg&t\
\x0bV\x0ag\xbeeE\xd7HqxS\xea\xa8Ye\
I\xa6\xc6\x8d\x1a\xd1\x1fK\x97\x12\x11\x91]a\xc2r\
\xe4\xe8\x11\xaa\x12\x12\x22\xa6\x83\x1fy\xe4Q]\xa6=\
\xf3\xcc3\xe4\xe5\xe5\x98\xe6&\x22:v\xf4\x18\xeb\x9a\
\xa8\xe1\xf8\xfb\xfb\xd1\xcf?\xff,\xbe\x1b\x11\x1d\x1dM\
\xa3F\x8d\x12\xeb\x22\xbc\xb5q\xa58\xf7\xdf\x7f?Y\
5c\x9cO?\xfd\xd4\xa18\x9c\xd4\x16\x07\x00\xb5m\
\xd3\x86\xb2\xb3\xb2E\x9c\xb7o\xdfA\xc1\xc1\xc1\x14\x11\
\x11IQQQD.\xba\xaa\x05\x81O\xb5\x02\xa0\x0f\
?\xf8H\xbc\xb7\xd9lt\xdf}=\xa8j\x95\x10:\
s\x86_qA\xf4\xd7_\x7f\x91l*\x1fF\xf9\xdc\
\x93QY\x5c\x11S\x9a>\xbd\xfaP\x86\xba\xe5IQ\
\x14R\x14\x85F\x8d\x1a\xa5I\x9f1\x9dF>z\x9e\
eE\xa5V\x1cI\xa3,L\xe0X\xd7\x81wSB\
CC\xe9\xdc\xd9s\xa2\xe0\x13\x12\xe2\xa9~\xfd\xfa\xc2\
}pp0\x1d\xd1\xd4\xb4\x1b6l\xa0\xfbz\xf4\xd4\
uM^\x15\xfb\x94\x1c7${{{\xd3\x0b\xa3G\
\xd3\xae];)-5M\xf8\xe7\xe3\x07\xbb\xddN#\
F\x0e'\x80-\xc4:_8\xc4\xc2\xff\xbf\xff\xfb?\
\xdd\xf8l\xe2\xc4\xcfXXb\xa2\x82\x11\xd4n\xe0/\
\xaa\xc2\xf2\x16t\xda\xb4i$\xcb2U\xaf^]\xa4\
SQ\x14\xca\xcc\xcc\xa4\xc4\xf8\x04\x8a\x8b\x8b\xa3\x98\x98\
\x18\x8a\x8e\x8e\xa6\xe8\x98h\x8a\x8b\x8b\xa3\xc4\xc4\xab\x94\
\x9c\x9cL\xf1\xf1\xf1\xf4\x7f\xff\xf7\x80\xc8\x8b\x06\xf5\x1b\
RBb\xa2\x88\xcb\xf7?\xcc\xa6\x91#\x9f\x15\xeb\x19\
v\xbb\x9d\x06\x0f\xd6\xaei\x94\xe7\xc9\x01\xa3P\xeb\x85\
\x1b\x005\xbd\xb3)]\xba\xc4n\xc7\xe6\xf99\xfb\xbb\
\xd9\xe2:\x10\xf7-\xa9\x91\xe7M\xa58\x0e\xa5\xf1\xf3\
\xf3\xa7\xd7\xdfx\x93\x1a5d\x83d.tP\x17B\
wl\xdf!\x84!66\x96\xea\xa9\xb7\x8bIj\x06\
\xbe\xf5\xd6\xdb\xec\xa3\xa2PRR\x12\xad^\xb9J(\
\xcd\xc5K\x97(<\x9c\xed\x0b\xe3a\xf3&\x1e\x00y\
{{Q\xd3\xa6Mi\xe8\xd0\xa1\xf4\xed\xb7\xdfRj\
j\xaa\xf0\xbbk\xd7.\xf2\xf3\xf3#\xb3\xd9Lf\xb3\
\xd9)\xfe\x00\xa8\xdfC\xfdt\xe3\xb0\xc9\x93&\x09\xde\
Z\x92%\x89\xc6~4V\x5c\xe1N\xa4PZz:\
u\xec\xd8\x91dY\xa6\x00\xff\x00\xda\xb9}\xa7\xe0\xb3\
t\xe9\x1f\x14\x19\x11A\xb5j\xd6\xa2\xc8\xc8\x08\x8a\x88\
\x88\xa0\x88\xc8\x08\x8a\x88\xa8A5k\xd6\xa4\xbau\xeb\
R\xdd\xbau\xc9\xd7\xd7W\x17\xaf\xb9s\xe7\x09\x1e1\
\xd11\xb4w/\xbb]\x80\x88\xe8\xf8\x89\xe3T\xb9r\
e5/\xca^XJO\x8e\x1d\x13f\xb3\x99\x96.\
\xf9\x83Hm]\x89\x886\xfd\xfb/\x05\x07\x07\xb3\xfc\
.\xb0B0*L\xd9\xe7E\x89\x15\x87u_L\xd4\
\xa6M\x1bZ\xb7n=\x11\x11\xed\xdf\xbf\x9fz\xdcw\
\x9f\xe6j?\x99\x9e\x18\xfa\x04ei\xba6\xbbw\xef\
\xa1\x80\xc0@\x9d\xe2\xdcQ\xa7\x0e\xc5\xc7\xc5\x11i\xba\
9\x5c\x98\xa7h&\x0cx\xd8\x00\xa8N\x9d:\xf4\xda\
k\xafSP\x10\x1b\x07p\xfa\xee\xdbo\x88\xe3\xd8\xd1\
\xa3T\xb9r\xe5\x02\xbbj\xfd\xfb\xf5ga\xa9\xd5\xfa\
\x8c\x19_Q\x95*U\xa8j\x95*T\xa9R%\xaa\
^=\x9c:t\xecH\xf3\xe6\xce\x15q\xe2\xdd\xce\xd9\
\xb3\xbf'\x93\xc9L\x16\xb3\x99dY\xa6\x1f4\xeb1\
\x09\x09\x09\xd4\xb1CG'\x05\xacS\xbb\x0e\xcd\x981\
\x83Z\xb7nM0\x5cK\x0e\x80z\xf4\xe8Ayy\
\xf9\x82\x0f\xef\xbe\x10\x11\x8d\x1d\xcb&.\x1cyQ\xb6\
\xc2R:r\x088\x00\xba\xe3\x8e;()\x89\x8d\x81\
\x89\x88N\x9f:M\x0d\x1b\xb2e\x0b\xb3\xd98\x91c\
$\xa3\xc2\xdc$\x8a\xc3\x0b\xb9v\xad\xdat\xe1\xfc\x05\
\x22\x8d\xa0\xe7\xe4\xe6\xd2\xba\xf5\xebi\xd1\x8f?\xd2\xfa\
\x0d\x1b([\x9d5\xe3\xdf\xdf\x16\x0b\x8c\x8e\xeb\xf1\x00\
\xd0\xb7\xdf\xa8{\xde4\x82\x92\x92\x92LM\x9b6e\
\xeeU?f\xb3\x99\x9ey\xe6\x19\xd1-\xfas\xd92\
\xea\xd6\xad\x1b\xd5\xadW\x8f\xfa\xde\x7f?\x9d<yR\
\xf8_\xbdj5Y,\x1619\xa0O\x07\x0b\xf7\xe1\
\xfe\x0f;\x14Ga\xdbh\xf8\xed\xd2'O\x9e\xa4\xa8\
\xa8(\xca\xcev\xa4\x81\xa7c\xdf\xbe\xbdT]]\xbf\
1\xabc\x8e\x0e\xed;\xeaf\x09\xe3\xe3\xe3\xe9\xbd\xf7\
\xde\xa3\xae\xdd\xbaR\xe7.]\xe8\x9dw\xde\xa6S\xa7\
N\x8bo#G\x8e\xd4\x08\x08\xdb)\xee\xed\xedM\xff\
\xa9\xb7>\xb3(\xb1\xb4$^M\xa4\x06\x0d\x1b\xe8\xb6\
%\xdd\x08\x81)\x1e\xe9\xe3\xca+\x0f\x93\xc9DO\x0e\
\x1d**\x85\x9c\x9c\x1c\xea\xd7O]\x97\xd2\x8cK\x9d\
\xf9i\xf9\xba\x22\xa3\xbb\xebG%R\x1cF,\x03\x9e\
\x1a6L7\xb83B[cn\xdb\xb6]L\x15s\
\xc5\xe1\x99\xd9\xa1}{\xcaH\xcf EQ\x84p\xfe\
\xf6\xdb\xefdR\x85\x92\x93\xa7\xa7'\xfd\xf9\xc7\x9f\xba\
0\xf2\xf2\xf2(%5\x85\xf2\xf3\x1d5\xb5\xddn\xa7\
\x01\x03\x06\xe8\x0a\x83\xedqs\x10\x00\xea\xd7\x8fu\xd5\
\x14\xc5u\xfc\x89\xa7A3U\xfc\xcf\xdf\x7fS\xbd\xba\
u\x19ouR\x84\x0b\xc6\xd8\xb1cu~I=N\
\x91\x93\x9bk|Mo\xbd\xf9\x96#/$\xc7\x05\xbd\
\xcf=\xfb\x1c\x91\x1a.\xcf\x8bE?\xfe\xc8*\x00u\
\xaf\x9fsy\x94Gb\xe9\x92\xd5\xf1n\xb5j\xd5\xe8\
\x8b\xe9\xd3i\xed\xbau\x14\x17\x17'\xf2\xfb\xe2\xa5K\
T]]\xe3\xe3\xb3m\x9c\x9cyr\xbe\xc6weK\
\xa5P\x1c\xc78\xa3_\xbf~t\xe2\xa4c\xcd\xc5\x08\
\xab\xd5J\xcb\x97-\xa3\xda\xb5\x1d\xd3\xc4\xda\x1a\x08\xea\
\xa2\xe7\xda\x7f\xd8\x22\xa0\xdd\xaeP~~>\xdd\x7f\xff\
\xfd:7\x9c\xaaV\xabJ\x8b\x7f[\xec\xd8\x05h@\
ff\x06\x8d\x1b7\x8e,\x16\x8b~v\xcc\x85\xe2\xf4\
\xef\xd7\xdf\xe8\xdd%233\xe9\xbf\xff\xfe\xa3\x91#\
\x9f%\x1f\x1f\x1f5\x1d\x9c\x97Cq<,\x16\xfa\xe0\
\xfd\x0f(1\xc11\xc87\x226&\x96\x9e\x7f~\x94\
\xc6/\x8f\x9f:\xa1R-\x94\xa2\xa2\xce\x0b\xf7\xf9\xf9\
\xf9b\x8b\x8es\x97\xb3<\x93\xa3%0\x99d\xfaU\
\xb3}\x8a4\x15\xed\xb9\xb3g\xa9*\xbfi\xcd\x89\x87\
;\xba\xe1\xca#\x91q\xffZ\xd1A\x80z\xc48<\
<\x1c\x03\x07\x0e@\x8b\x16-P\xabVm\xc8\xb2\x8c\
\xd4\xb44\x1c?v\x0c\xffm\xfe\x0fk\xffY\x0b\xab\
z\xad\x84$I\xc2\xb0\x1c\x0f\xfc\x8e:u\xb0a\xe3\
&\xd4\xac\x19\x09\x00\xd8\xbf\x7f?\xbav\xe9\x82\x8c\xcc\
LMxl\xd3%\x11\xe0\xe9\xe9\x89~\xfd\xfaa\xc0\
\x80\x01\xa8\x1e\x1e\x0e\xb3\xc5\x8c\xf4\xf4\x0c\xec\xdc\xb9\x13\
+V\xac\xc0\xf6\xed\xdb\xc5\x06M\x01\x9d\x81\x07\xf6\xab\
~\x83\x86\x18<h\x10<==a6\x9bE\xfc$\
I\x82\xa2(\xb0\xaa\xc7\xbf\x8f\x1e;\x8e\xc3\x87\x0e!\
;;\x1b\xe0\xe7a\x04\x17\x0dW\xf5g\x93\xc6\x8d\xf1\
\xe0C\x0f\xa1I\x93&\xa8Y\xb3&\xf2\xf2\xf2p5\
)\x09\x87\x0f\x1d\xc4\x1f\x7f\xfc\x89\x13'N\x88\xb3:\
\x82\x9f\xca\xd0\xae(x\xe4\x91\x87\xd1\xbcYs\x10\x80\
\xc4\x84\x04\xcc_\xb0\x00YYY<\x94\x22\x1d\xd9\xbe\
\xf1Ps\x87\x80Q\xcf=\x8f\x193gB6q\xdb\
\xd9\x8er\x19;v\x1c>\xfex\x9c\xc6\xdfM\x00\x17\
\x9aT,b5\x84\xbeE\xb0hf\xb1\xb4\xef\x9dk\
\x09\xc7\xb7\x8f>dk\x18|:\xf9\xe5\x97_&\x00\
$\x1b\xbat\xbc\x8f\xcf\x9fM\xb2L>\xde\xde\xe4\xeb\
\xebK\x9e\x9el\xf7\x0045\xb3 7q\xd7\xc6\xaf\
(\xe4\x8a\x8f\xa3fU[\x0f\x0d_Im\x85\xccf\
v\xdcZ\xbc\x97\xf4\xbcdu2ER\xff\x1b\xc3\x95\
tgx\x8c\xe1\x1b\xc9\x98\xcf\xd7\x93\xf4a\xb9\x92\x87\
G\x1e~\x84RSRu\xad\x8c\xd5j\xa5\xd3\xa7O\
\xd3G\x1f~D\x9e\x9el[\xcd\xcd\xb4\x0b\xa2\x94\x8a\
\xa3\x15\x18G\x06\x82\x7fs!x\xfc\x9d\xa4\x99\xb2\x0e\
\x0f\x0f\xa3\xa8sQdW3\xf5\xf4\xd93b_\x9b\
\xb1\x10\x9c\xc34~7\xc6\xd1\x15\x19\xe3\xec\xcc\xb3`\
7\xc6gw\xe4*<W\xdf]+\xb6\xc3\xaf\xc6\x9d\
[\xa51\xf2\xd6\xfb\xbb\xb6dL\x9b\xa3\xa2\x90e\x99\
\xcc&\x13\xf9\xf9\xfaR\xd3\xa6\xcdh\xe6\xcc\x99b\x13\
0W\x9a\xbf\xff\xf9\x9b:u\xea$\xa6\xd6\xf5ek\
\x0c\xab\xdcRi\xbbjZh\xcf\xbe\xb0o\xc6.\x05\
\xefj\xf1n\x94\xa2\x10F=?\x1a\xb3\xbe\x9e\x09\xbb\
\xa2\xc0$\xcb\xf8\xe0\xc3\x0f\xf0\xc9\xf8ODs\xce\xce\
\xd5\xa8\xdc\xdd\x1c\xafq\xa0P\x07.\xe2]\x18\x8c<\
\x8b\xe2\xdf\xe8\x87C\xeb\xd7\x9d\x9b\x92\xc0]\x9c\xaee\
\x18\x1c\x04\xe3e\xc0\x8f=\xfa(\x06\x0c\x1a\x04\x0f\x0f\
\x0b|\xbd}\x10\x12\x12\x82\x88\xc8H\x04\x05\x05\xe9|\
._\xbe\x1c\xc3\x86\x0dCJJ\x8a\xee=T\xd9P\
\x7f\xe9?\x94G\xb8\xd0\xa4bPa5\x9c\xf1\xbb\x91\
$\xf2\xf5\xf5\xa1m\xdb\xb6\x13\xc7\x85\x0b\xe7\xa9f\xcd\
\x9a\xba\xd6\x03\xa2\x8bf$cx\xc5!W|\x8a\xc3\
\xdf\xe8\xd6HF\xf7\xd7\x9b\x8c\xe1_\xbfx\xf0\x16\xc2\
\xc3\xd3\x83BBB\xa8s\xe7.t\xf4\xe81Q\x86\
\xae\x90\x93\x93CS&O!_\xf5\xec\x92$ZO\
We\xeb\x1cfy\xa3\x1b\xae8\x83\x06\x0e\xa4\xfc\xbc\
|\xb1\xf1q\xe2\xc4\x89\x1a\xa5Q\xdd]\x17\xc5\xb9\x96\
d\x8c\xd7\x8d\x8c\xdb\xf5\x8c\x03S\x98\xc0\xc0\x00\x1a\xfd\
\xc2\x0b\xb4m\xfbv\xba|\xf9\xb28Kd\xb7\xb3\xe9\
s\xed\xb4\xbe\xcdf\xa3M\x9b6\xd1\xbd\xea\xac \xf8\
\xf8S3\xa6+?yW,*iW\xcd\x957W\
M,w\xe7\xfcM\x96e\xb4k\xd7\x0eU\xaaT\x85\
\xa2(P\x14;\x0e\x1e<\x88+W.\xab\xee\x0dv\
N\x9dX8\xbd\xb8\xc1(0\xb2e\x84\xeb\x11\x07\xf5\
B\x5c\x00\x9d:v\xc2\xd4i\xd3p\xcf=w\xeb]\
\x18f\xca\x12\x13\xafb\xcd\x9a\xd5\xf8\xf5\xd7_\xb1a\
\xc3\x06\xe4\xe7\xe7;,\xfe\xb8\x91\x9e\x82d\xa5\xbc\xa1\
\xf4\x8a\xe3TNEM4\x01\xeaT\xb6\x11\xa2\x00\x5c\
|\xd3\xb3/(,\xc6\xbfl\xe1\x94\x19\x85\xa0\xb8\xee\
\x0b\x82\x8b\xbc\xbaF<y1\x0c{r\x18\xa6}>\
\x0d\xc1\x95\x82\xc58U\x8b\xcc\xac,\x1c9|\x18\xab\
V\xad\xc4\xd2\xa5\x7f\xe0\xe4\xc9\x93\xe2\x1b/S\xf7J\
ss\xa1T\x8a\xe3J\xae9\x0a\x1b\xe8i3\x90O\
\x18\x80\x08\x92,\x09\xbeF\xa52\x16\x14\x03{it\
\xabEaq\xb9v0\xc6\xa1\xb0\xf0\xf4\xee\xb5I\xd0\
\xa7\xb50>p\xe2U4?\x85\xc1Q\xc6#\x86\x8f\
\xc4\x8c\x993\xe0\xe9\xe9!Z\x97\xc4\xf8\x04\xfc\xbe\xe4\
w\xa4\xa6&#:&\x06\xfb\x0f\x1c\xc4\xb1#G\xc5\
\xda\x1boanL%v}Q\x22\xc5\x91T\xdb\xcf\
^^\x9e\xa8S\xa7\x8e\xb8R[\x92dXmV\x5c\
8\x7f\x01\xb9\xb9\xcc*\xbfF=t<Df\x123\
\xd2\x0eUpxf\x13\x11Z\xb7\xbe\x0b\x1d:v\xc0\
\xb6\x1d\xdb\xb1o\xf7\x1e\x03?\x07\xcc\x16\x0b\xc2\xc2\xc2\
`\x92M\xcc\xf2\x8e\xa2\x1aH' !!\x1eyy\
y\x9a\x02\x84\x8b\xb8ph\x0b\xb8\xb8\x85\xed\x1c/=\
\x5c\xf1b~H\xfd\xe3\xe5\xe5\x89\xe6\xcd[\xe0\xf8\x89\
\xe3\xc8H\xcf(\xa6\xf2\x18\xc3/\xcc}Q\xc0\x0a\xe4\
\xd5\x97_\xc5\x84\x09\x13\xe0\xe9\xe5)\x94f\xe7\xce\x9d\
xa\xf4h\xec\xdb\xbf\xdf\xe8\xc9\xb9\x82\xd3e\xa5\xf1\
\xe3M\x0a\x17\x83\x9eB\x89\xaf\xbf4n\xdc\x98.\x5c\
\xb8@\xf1\x09\xf1t\xe5\xca\x15\xbax\xe1\x22\xc5\xc4D\
\xd3?\xff\xfcC\xcd[4'\x18\xe6\xe6\xd9\xb3\xe3w\
A\xd4\xaaU+\x8a\x8fO\xa0sQQt\xef}=\
\x08n\xb6\xea\x00\xa0:\xb5k\xd3\xa1C\x07\xe9\xec\xd9\
\xb3t\xe6\xcc\x19:s\xe6,\x9d>s\x86\x0e\x1f9\
,\xec\x018\xc2wE<m\xee\xde\xbb\x22\xa3;\xa3\
_#\xb9\xf3\xeb0\x03\x1c\x1aZ\x8d\x8e\x1d=F\xed\
\xda\xb7\x13is\xed\xdf\x15\x15\x14^\xc9i\xcc;c\
\xc8\xaeN\xdc\xf0}\x87s\xe6\xcc\x15k0\xbcL\x8a\
G\xce\xe1\xdclTl\xc5\xe1\x0buP\x15'55\
\x95&M\x9eH\xed;\xb4\xa36m\xee\xa1>}z\
\xd3\xf1\x13\xc7i\xf3\xe6\xcd\xe4\xeb\xeb\xeb$\xe4\x5c\x18\
\x8c\xef\x8c\xf4\xfa\xebo\xd0\xe9S\xa7\xa9j\xb5\xaa,\
lu\xd5\x5c\xe7W\xfd]\xbf^=JJJ\xa2O\
?\xfd\x94:v\xec@]\xbat\xa1\xce\x9d;Q\xfb\
\xf6\xed\x85\x9d\x82kEF!0~/\x8c\x0a\xf2\x1b\
\x1e\x1eF\xa7O\x9f\xa6\x8e\x9d\x9c\x8f#8\xfc;\x97\
\x09#c\xdc\x8c\xdf\x8bG\x00\xe8\x99\xa7\x9f\xd1\xd9c\
\xb0\xdb\xed\xf4\xc9'\x9f\x90\xd9b!\x88\xdd\x19z;\
\x0eE#\xe7\xf0n6*\xb6\xe2\x08\x8f\x005h\xd0\
\x80RSSi\xf83O\xeb\x0a\xf7\xf1\xc1\x83)3\
3\x93Z\xb4lIf\xb3\x99BBBH\x96e\xaa\
T\xb9\x12\x05\xa9gq\x00&\xf85j\xd4\xa0\xb0\xb0\
P\x9d \xd5\xacY\x93\xa6O\x9bN\xfb\xf7\xef\xa7\xba\
u\xef //v\xbe\xc7h\xc1\x93S\xfd\xfa\xf5\xe8\
\xea\xd5$\x1a9\xd2`\xd0\xdd@\x01\x81\x81T\xabV\
M\xf2\xf6\xd1Z\xd4d\xeb\x11&\x93\x89\xcc\x163\x85\
W\x0f'\x1f\x1fo\xf2\xf0\xf4 \xff\x00\x7f\x92d\x89\
\xaaU\xabF\xb5j\xd5$\x0fO&0<\xfd\x00\xc8\
?\xc0\x9fj\xd4\xa8A\x81\x86sAf\x8b\x85\xccf\
\xe6>\xbczu\xba\xa3n]\x9d?\x11\xa7\x00\x7f\x0a\
\x0b\x0f#o\x1fo\x8a\x88\x88\xa0\xf3\xe7/\x08k\xa8\
\x9c\xc2\xc2\xc3\xa8a\xc3\x86\xba\x8a\xa8\xe0\xed7\x05\x09\
\xa7\xf6\x9b\xde\x1d\xdf\x9e\x04\xb5\xc5OL\xbc\xaa\xb64\
Lq\xc6\x8d\x1b'\xd2\xa0\xf5\xa3\xe7W\x142\xc6\xe9\
\xe6\xa3R)N\xfdz\xf5()9\x99\x9e~z\x98\
\xae\xa0\x07\x0fz\x9c\xf2\xf2\xf2\xa8y\xf3f\xd4\xbbW\
\x1f:p\xf0\x10}\xf4\xd1X:x\xe8\x10}>\xfd\
s\x02@M\x9a\xdcIK~_Jg\xcf\x9d\xa3\xb3\
\xe7\xce\xd1\x1f\x7f\xfcA\x0d\xd4#\xd5\x8b\x16\xfcH\xd9\
\xd9\xd9\x94\x97\x97Kg\xcf\x9d\xa5\xce]\xba\x88\xc2\x02\
\xd4\x82\xd3\xb4\x5c\xf5\xeb\xd5\xa3\xe4\xe4dz\xe1\x85\xd1\
\xbaxp?\x16\x8b\x85^{\xedu\xda\x7f\xe0\x00\x9d\
<y\x92\xb6l\xddB\x03\x07\x0e$Hl_\xdd\x0f\
s\xe6\xd2\xc4I\x93h\xee\x9cyt\xf9\xca\x15\x1a8\
h\x00\xf5\xef\xdf\x9fv\xed\xdeM\xd3\xbf\xf8\x82\x8e\x1c\
=Jq\xf1\xf1\xf4\xd7\xca\x95\x14\x16\x16F\x92z.\
h\xc8\xe3Ch\xef\xbe}t\xf2\xf4):y\xfa\x14\
}:a\x82\xd89\xfd\xc2\xe8\x17h\xd9\xf2\x154k\
\xd6\xd7t.\xea<\xa5\xa6\xa6\xd2\xdcy\xf3\xc4\x09G\
\x004d\xc8\x10:r\xf4(\x9d<u\x92v\xed\xde\
M\x13>\xfd\x94bbb\xa8m\xdb6\x04\x80\x82\x02\
\x83h\xd6\xaco\xe8\xfc\x85\x0b\x14\x1b\x17K\x87\x8f\x1c\
\xa6!C\x87\x8atq\xe3\x8d\xc6\xb2qOZ\xa15\
\x0a\xb3\xe3\xd4\xa5\xd9l\xa6e\x7f.\x17\xdd3\x22\xa2\
y\xf3\xe7\x8b\xfdv\xce\xbc\x8ca\x14FF?7\x1f\
\x95Zq\xe2\xe2\xe2h\xfc\xf8\x8f\xa9S\xe7\x8e\xd4\xb9\
S'\x1a0`\x00\x9d;\x17E\x87\x0f\x1f&__\
_z\xe4\xe1\x87IQ\x88\x8e\x1d;N\xfd\xfa\xf7\xa7\
\xd6w\xb5\xa6\x1a\xd5\xab\xd3\xe9\xd3\xa7i\xf7\xee\xdd\xd4\
\xbbO\x1f\xea\xdf\xbf?\x1d>|\x98v\xee\xdcIA\
\xc1AT\xb7n=Z\xb8p\x01\x9d>u\x8aZ\xb5\
lIAA\x81$iW\x9a9\xa9\x02\xd8\xb0A\x03\
\xbaz\xf5*m\xd9\xba\x99>\xff|\x1a}\xfe\xf9\xe7\
\xf4\xc5\x17_\xd0}\xea\xd8\xe8\xdd1\xefR\xd2\xd5$\
\x1a6\xeci\xaa[\xb7.\xbd\xf7\xde\xbb\x94\x9d\x9dM\
\xfd\xfa\xf5#\x00\xf4\xef\xa6\x7f\xc9f\xb3\xd1\xf7\xdf\xff\
@\x9d\xbbt\xa1\xf0\xf0p\x1a>|8\x91j1\xb3\
U\xeb\xbbh\xc0\x80\x01\x94\x99\x99I\x9f|\xf2\x09\x01\
\xa0\x88\x88\x08\xda\xb1}\x07}\xf2\xc9'T\xb7~\x03\
z\xe6\x99g(''\x87\x9ez\xea)\x02@\xe3\xc7\
\x8d'R\x8d(\xb6k\xdf\x9e^y\xe5\x15\x22\x22z\
M\xb5\x9f\xd0\xe3\xde\x1e\x94\x95\x95E_~\xf9%\xb5\
\xbe\xebn\x1a9b\x04\xc5\xc6\xc6Qvv6\xb5m\
\xdb\x96\x00\xd0\x17\xd3\xbf\xa4\xc4\xc4Dz\xe4\x91G\xa9\
M\xdb\xb6\xb4p\xe1B\xca\xce\xce\xa6\xae\xaa}\xb9\xa2\
\xd9Ts%\xb4\xc6w\x8c\xf8\xe6\xd2n]\xba\xea\x0c\
$\x1e=z\x84B\xaaT!\xe8\x8eR\xb8#g\xbe\
\xced\xf4s\xf3Q)\x15\xa7>\xc5\xc4\xc6Rjj\
*\xc5\xc6\xc6R\x5c\x5c\x1cE\xc7\xc4\xd0\xdauk\xa9\
Ys69\xd0\xef\xa1\x87\xc8f\xb3\x09\xcb\x93\x00h\
\xf8\xf0\xe1\x94\x9e\x9eN\xcd\x9a\xb1\xd3\x9d\x00\xa8E\x8b\
\x16\x94\x9c\x9cL\x0f>\xf8\x10\x01\xa0\x8f?\xfe\x98\xf6\
\xed\xdbK\x9e\x9e^b|\xc3\x0fqAS\x08\x00\xa8\
q\xa3F\x94\x94\x94D{v\xef\xa1\x05\x0b\x16\xd2\x0f\
?\xcc\xa1\xd9\xdf\x7fO\xf7\xdf\x7f?\xf9\xfb\xf9\xd3\xd9\
3gi\xfe\xfcyT\xaf~]j\xd2\xa415l\
P\x9f\x8e\x1c>LK\x96\xfeN\xb2,\xd1\xc6\x8d\x9b\
\xe8\xe0\xa1C\xe4\xef\xef/\xe23d\xc8\x10\xca\xcd\xcb\
\xa3\x0e\x9an\xd3\x92\xdf\x7f\xa7\x9d;w\x0a\xd3\xbe\x1e\
\x9e\x1e\x14\x1a\x1aJ\x8d\x1b7\xa6\xfb\xef\xefK\xd1\xd1\
\xb1\xf4\xc5\x17_\x10\x00\xfa\xe4\xe3O\xe8\xd2\xa5K\xe2\
\x9c\x89\xa7\x87\x07\xed\xdf\xb7\x8f\xe6\xcf\x9fO\x92\x04Z\
0\x7f\x01m\xde\xbc\x99<<=E\x05\xf0\xdcs\xcf\
\x92\xd5j\xa5\xce]:SD\x8d\x1a\x94\x10\x1fG\xcf\
>\xf7\xac\x08\xdf\xd7\xc7\x9b\xf6\xee\xd9Cs\xe6\xce!\
\x88\xee\x9as\xd9\xe8\xc9(\xb4\xeeI\x96e\x82\x04\xfa\
\xf6k\xc7\xf1s\x9b\xcdF\x03\x06\x0c$\xe8\xbag\x05\
)\xac3_=\x19\xdd\xdf\x9c\xe4\xda\xe2x\x91A\x90\
%\x09\x13>\x9d\x80N\x9d:\xa1k\x97\xaehs\xcf\
=\xe8\xd3\xa7\x0f\x0e\x1f:\x04\x00\xb0\xd9l\xc8\xc8\xc8\
\xc0\xb1c\xc7\x84\xafZ\xb5j!..\x0eQQQ\
\x90$\xc0l2\xe1\xd4\xc9\x93\x88\x8e\xbe\x82f\xcd\x9b\
\x02\x00\xecv\x05\xb9\xb9\xf9 \x89 \xab\x86\xd1\x09l\
6\xd38\xa1)I\x12\xcc&3\xe6/\x98\x8f'\x9f\
|\x02\xc3\x87?\x83\x91#F`\xe5\xca\x95\xa8Z\xa5\
\x0a\xfc\xfd\xfd0h\xd0`\xec\xd8\xb6\x13\xeb\xd7o\xc0\
\xdau\xeb\x11\x1a\x1a\x06\x8b\xc5\x03\x16\x8b\x07\x14\xbb\x1d\
\xfb\xf7\xefCFF\x86\xe0\x99\x93\x93\x8b\xcc\x8c\x0cq\
\x9f\x0f\x00$&&\xaaW\x1e\x02\x16\x8b\x05c\xdey\
\x0f[\xb6l\xc5\x8a\x15\x7fa\xca\xd4\xa9\x08\x0a\x0a\x80\
\xcdn\x07\x00\xc8\xb2\x09\x89\x89\x89H\xcf`\xd3\xcav\
\xbb\x1dIII\xc8\xc9\xc9\x81Y\x96\xd1\xb8I#\x1c\
8p\x00\xf9yy0\x99\xcd\x00\x80u\xeb\xd6!!\
!\x01^\x9e\x1e\x88\x88\x8c\x84\xc5\xc3\x03\xfb\xf7\xed\x05\
\x00\x98L2\xb2\xb2s\xb0s\xd7nDFD\x80o\
\x90-\x18\x85}\xd7\x83\x88\xe0\xed\xe5\x8d\xa6\x9a\xbb7\
/]\xba\x84\x8d\x1b\xd7\x8b\xef\xda\xff\xc5\x87\xb1\xe4n\
^\x94Rq$(\xa4 .>\x0eg\xcf\x9e\xc5\xc9\
S'q\xe5\xca\x15\xd8\xad6qG\xa6]Q`\xb7\
\xdbus\xfb111\xa8\x5c\xb92\xaaU\x0b\x05\x11\
\xbb\xd9\xc0\xcf\xd7\x0f\xfe\xbe\xfeHLLd\xfe\xec\xec\
\x10\x19_\x81#\x22(\x8a\xe2\xb2\xd0$Y\x06$\xc0\
d6\x19?!;'\x1bV\xbb\x1d\xdf\xff\xf0=\xba\
\xfd\xaf\x1bz\xf6\xec\x89>}\xfa\xe0\x7f\xdd\xff\x87Q\
\xcf\x8f\x82]Q\x90o\xb5\x22Os\x81\x14\x00\xe4\xe7\
\xe5\xc1j\xb3\xea\xcaZ\x92e(\x8a\x02\x9b\xcd\x8eA\
\x03\x07\xe3\xed\xb7\xdf\xc4\xf8\xf1\x1f\xa3k\xb7\xae\xe8\xda\
\xa5\x1b\xe2\x13\x12@\x0aS\x1cI]O\xe2\xde\x15R\
\x90\x9b\xcbx\xda\x14BrJ*\xea\xd7\xaf\x07Y\x96\
\xc5\xa1\xbe*U\xaa\xc0\xd7\xcf\x17PoG0\x9b,\
\x08\x0b\xab\xce\xfc\xabn\x22##\x11\x17\x17\x07\x00\xea\
\xed\x0f\xd7@\x18E\x9b\xc6\x14'  @|\x8a\x8d\
\x8dEJJ* \xd6g\xb8cWp\xf7\xfe\xd6C\
\xa9\x14G\x96\x98@\xf3\xab>$~\xe2Rr\xac\xfe\
\xcb\x92\x04\xbb\xdd\x0e\x9b\xcd&\xdc\xac^\xb5\x0a\xb99\
\xb9\x18\xff\xc9'\xa8Z\xb5*\xc2\xc2\xc2\xf0\xda\x9bo\
\xc0d6c\xd3\xc6M\x00\x00R\x14UQ\x00\x02\xa1\
e\xcb\x96\x180` <<=\x1d\x11P\xc1DG\
\xed\xf0\x18\x10\x9f\x90\x80\xf5\xeb\xd6\xe1\xff\x1ex\x00~\
\xfe~8q\xe2\x04\xacV\x1b&M\x9e\x82;\x9b6\
\x85\xddfC^n\x9e\x88\x1f\x87\xcdf\x83bg\xe1\
k\xa1\xa8im\xde\xbc9\xf2\xf3\xf3\xb0\x7f\xdf>\x5c\
MH\xc4\x90\xc7\x1fG\xedZ\xb5\xc4\x0dn$\xb1\x0b\
v\x85X\x13`\xb5YU\x9e\x84\xc5\xbf.F\xf7\xee\
=\xf0\xecs\xcf\xc1\xc7\xd7\x07w\xde\xd9\x14\x9f}6\
\x11\xfe\xfe\xfeP\xec\x84\xd3\xa7Oc\xd7\xae]\xf8\xe0\
\xc3\x8f\xd0\xa0aC\x04\x04\x06\xe2\x99\xe1\xc3q\xdf}\
=\xf0\xe7\xb2\xe5,\xdf\x1d\xd12\xa0 \xe1.\x18v\
\xbb]w\x0b\x9d\xb7\xb77,\x16\x8b\xce\x0d\x831\x8c\
\x92\x85w\xb3\xa2T\x8a#\xc92\x14;kQ\xd47\
\x06\x17\xac rrr`\x15\x8a#\xe1\xc2\xc5\x8b\x18\
=z\x14\xeej\xd5\x1a\xdb\xb7\xb1\xbbc\xfa\xf6\xed\x8b\
\x97^~\x19\xa7O\x9f\x02\xc0\x84,;;\x1bD\x0a\
\x14\xbb\x82'\x87>\x89\xf9\xf3\xe6\xa2z\xf5\xeaN\xc2\
l\xb5\xd9\x90\x9f\x9f/\x84Z\x0b\x22\xc2\x87\x1f~\x88\
\xd3g\xceb\xc5\x8a\x15\xd8\xb9k\x17\xd6\xacY\x8d\xd4\
\x94d\x1c:x\x10D\x84\xf4\xf44\xe4\xe7[u\xfe\
rs\xf3\x90\x93\x93\xabK\x91\xddfG^^\x1e$\
Y\xc2/\xbf\xfc\x8c\xa4\xa4d\xac^\xb3\x06\xdbvl\
C\xaf\xde\xbd\xf0\xdf\x7f\xff\xc1\xac\x0a\x99\xcdjCV\
v\xb6z\x87\x10S\xfe\xcc\x8c,\xe4\xe5\xe7\x01\x00\x16\
/\xfe\x05\xb3f\xcd\xc4'\x1f\x8f\xc7\xe6\xcd[\xb0l\
\xf92\xc4\xc5\xc7\xe1\xd4\xc9S\xc8\xc8\xcc@~~>\
^|\xe9EXL2\xb6n\xd9\x8c\x03\xfb\x0f`\xea\
\x94)\xf8\xe2\xcb/\xf1\xd7\x8a\x15\x90$\xbe\xcf\xaf\x94\
\x02\xab\xf5.\x019\xb9\xb9\xb8z\x95\xb5\xfa\x00`\xb1\
\x98av\xd1\x92;P\xd4\xf0\x9de\xe3fF\x89\xb6\
\xdcp\xf8\xf8\xf8\xa0i\xd3f\xb8|\xf9\x22bbc\
]\xe6a`` \xea\xd6\xab\x8bcG\x8f!7'\
G\xcd?V\xe8!!!\xb8\xfb\x9e\xbb\xa1\xd8\xed\xd8\
\xbbo\x1f\x92\xae&\xa9\xdbj\x80\x90\x90\x10\x04\x05\x05\
!\xea|\x14HQ\x10\x16\x16\x8eF\x0d\x1ba\xf3\x96\
\xcd\xac\x0b' \xc1\xdb\xdb\x1b\xadZ\xb5\xc2\x85\x0b\x17\
p\xe5\xca\x15\xcd766\xb0\xdb\x15\xf8\xfa\xfa\xa2S\
\xa7\x8e\xa8Q\xa3\x06\x0e\x1d:\x84}\xfb\xf7C\xb1+\
\x90e\x09U\xabV\x83\x04 V\xed\x02\x01\x80\x9f\x9f\
\x1fj\xd5\xae\x8d\xb3gN#77\x0f\x92$\xa1V\
\xadZ\x08\x08\x08\xc0\x91#G\xa0(\x0a\x22##\xd0\
\xa4I\x13\xe4\xe4\xe6b\xff\xbe}\xf0\xf5\xf5\x83\xa7\x87\
\x07.^\xba\x84jU\xab\xc2\xcb\xdb\x1b\x17/]d\
]6\x09\x08\x0b\x0b\x07\x11!..Vl/j\xde\
\xbc\x05\xaaT\xad\x82\xe8\xe8+\xb8p\xfe\x22j\xd6\x8c\
\xc4\xc5K\x17\x91\x93\x9d\x0b\x22Bpp0\xda\xdcs\
\x0f\x02\x83\x82p\xe2\xc4\x09\x1c9r\x94\xad\xfb\xaar\
h\xacD\x0a\x87\xc1\x83f\x03:\xdf\xee\xf4\xf3\xcf?\
c\xe0\xc0\x81\x00\x80\xd3\xa7O\xa1m\xdb\xb6HII\
u\xdeJ# \xa9|\xf9\x7f#\xdcz\xbciQ\x22\
\xc5\x91\xf8\xa6L\xb5F\x87zD\x80u\xd9\xb4\x99\xe8\
pc\xdcg\xe6jpk2\x99\xd4\xae\x1f#\x80u\
w\x88\xf4\x03R^\xc0\x0c\x05l6U\x83\x94d\x09\
d\x08\x8b\xf3\x85\x04\xa7o\x1a\xd6\x8eW\xa2\x86W\xbb\
\xa3\x9a\xb4\x1b\xa1u\xeb\x0a\x8e\xf8\x1b\xe2\xae\xc9:\x09\
\xcc`Hdd$rsr\x91\x97\x9f\x0f\x1f\x1fo\
$%%!??_'\xf1\xeeCr\x07\x8d\x0f\xc3\
\xc9\x0d\x00\x98={6F\x8c\x18\x01\x008\x1f\x15\x85\
6m\xdb 1\xf1j\x01\x8a\x03]y3\x18\x13v\
k\xa1\x04]5\xb5dU\x01\x91eYl\xf2\xd4g\
\x90C\xc8\xc4u\x81\xa4'I\x96 k\x88w=\x98\
\x1fI\xdc\x06\xcd\xc31\x99LBh\x1d`71s\
?\x92*\x98\x92F\xf8x\x19\xb2pd1q\xc1u\
Y\x96\xd5\x9b\x9f9\x08\x90\xd5\xdb\xa091\xf7\xcc?\
w\xc4\xfd1R\xf9\xb3\x80u\xef\x1d~5y\xc1\xde\
\xea\xc2\xe0\xf1\xe5##EQ\xf0\xd8\xa3\x8fb\xdf\x81\
\xfd\xd8\xbbw/\xb6\xef\xd8\x8e;\xefl\xc2&\x0aJ\
\xac4\x85\xc3bv\x8ci\x8a\xc6\xdfX&\xb7>J\
\xa08L\xc0%\xa85\xae\xcb~\xb6$2\xd3e?\
\x5c\x95e\xc6\x83\xbd\xe2\xad\x8a\xb6u\xe1-\x12\x7f\xc7\
f\x968/\x0d_\xf1\xca\xd1\x85\xd1\x7fp\xb4\x02,\
\xce\x9c\xa7\xeaJ\xfd\xa1S{\xd1\x14\xe8\xc3q\xbc7\
\x8e1\x1c-\x18{\xc5[M\xae\x06\xbcuq\xc4I\
\xfc\xe6\x01\x0b\xde\x0e\xc4\xc5\xc5!<,\x0cu\xea\xd4\
FdD$\x9a6m\xc6\x9c\x1a8\x95\x14F\x1e\x16\
\xb3\x05\x11\x11\x11\xe29##\x1d\xf9y\xda\xaeqQ\
\xc1e\xe0\xd6T\xaa\x12(\x0e\x83N\xac\x0c])\x07\
x\xf1\xaad\xc8G\xbd\xe0\xea8\x0ab\xdf\xb8\xc2\x14\
\x16\x86+\x18\xbf\xabG\x0e\x8c\xa4Q\x1e\x87\xa0\xab\xc2\
N*\x1f\xe7\xadfNah\xf3\x81\xb56Ze\xe6\
aA\x84\xc7\x14Y%\xee^\xc3'<\xbc\x06\xf7\x0c\
\xa8\xd3\xd1\xa5\x87{an\xdc\xa41Z\xb6l%\x9e\
\xa3\xa2\xa2\x90\x91\xe9X\xdf\xaa\x00C\x89\x15\xa7\xf40\
\x0a\x1f\x7fW\x0a\xb8\x97\x87\xc2\xa1\xad U>%\xaf\
/\x8b\x90\x0e\xc9\xa0S.\x02\xea\xda\xa5+\xdex\xf3\
\x0d\xf1|\xf1\xe2E\xac\xfc\xeb/\xf5\xc9\x98w\xc5\x85\
\x8b\x00\x01\x0c\x19<\x04\x95*\x07\x0b\xc5\xdd\xb1}\xa7\
z\x93\xb6\xd1\xe5m\x0e\xe3V\x82kK\xc6\xed\x16\xb7\
\x03\x95&\xfd\xcc\x0f\xd4\xedL\xa7U\x03\xedDD\x17\
.\x5c\xa0{\xeea\x9b?\xa1\xd9\xe4\xea:\xdc\xa2\x92\
\xae\xf6\xa2N\x1d:\xe9\xee\x1aJJJ\xa2&M\xd8\
\xbd\xac\xce\xe1\x95&\xdc\x9b\x9f*\x14\xe7\xbaP\xc9\xf2\
\x80o\xe9\xaf\x1e^\x9d\xb6os\xdc)\x94\x90\x90 \
\x8e\x1aH\x92\xe4F\x88\x8dy_8\xc9\xb2\xe3\x02\xb0\
*U\xaa\xd0\xfe}\x07\x884;\xa2?Qo\xa7\x93\
\xa4\x0a\xc51\xd2uV\x1c-\x193\xfcV#cz\
\x8b\x93n\xe6\x16\x00U\xadR\x95\xfeU\xaf\xf9\xe0B\
\xfc\xd40\xc7\xb1\x0dI%\xf1\x5ch\xf8\xee\x89\x9b\xea\
\xf5\xf5\xf1\x15\x97<q\xa5\xd9\xb4\xe9_\xf2\x0f\x08 \
\xe8\xcc\xfe\x1a\xe3]\xb2po\x05*C\xc51\x92\xb1\
\x00nv2\xa6\xaf8iu\x1c\x0e\x9b5c&\x13\
`Uq\xe6\xcd\x9b\xa7\xbb\xeaD2t\xaf\x8a\x16\xbe\
+b\xfeL&\x13\xcd\xfcJ\x0dSU\x9a\xe8\xe8h\
j\xd1\xa2%S\x1a'\xbb\xdb\xa5\x09\xf3\xd6\xa1\x1b\xa8\
8\x9c\x8cBt#\xc9\x18\xb7\xc2\xa88~\x8da\xe9\
\xfd\x00\xec4ltt\x8c\xaa2D[\xb7n\xa5\x90\
\x10\xd5\xbe\xb2j\x9b\x80\xf3*\xad\xe2\xf0n\xe1\xe8Q\
\xa3uw\xffdeeQ?\xf5\x08\x88k\xbe\xee\xde\
\xdf^t\x03g\xd5\x8a\x0b\xc3\x94W\x89a\x9c>+\
\x0d\xdf\xd2\xfa\xd5\xa3j\xb5j\x08\x0a\x0a\x14\xcfk\xfe\
^\x83\xabW\x93\x00\x00\x12$q\xbc\xc25\xc8\xf8\xc2\
%$uaYQ\x08\x9d;u\xc2'\x9f~\xa2\x9a\
\xe4\x22\xd8l6\xbc\xf9\xe6[\xf8\xf3\x8f?\xe0X\x10\
\xe6:*8\xb8\x8c\xfb\xed\x06\x93$Ic\x8d/\xcb\
\x16\xc6\x820\x0a\xb3\xf1{An\x8aB7\x0a\xc6\xf0\
\x9d\xe3\x12\x10\x10\x80'\x86>\x09\x1f\x1fv\xe6\xa7Q\
\xa3F\x90e\x19\x97.]Bzz\xba\xcb\xb52I\
\xfc\xd1\xfdp\x0bY\x96\xa1(vT\x0a\xae\x84E\x8b\
\x16\xa1\xce\x1dw\x80\xd4-Q3f\xce\xc4\xf8\xf1\xe3\
\xc5\xce\x0ag\xb8{\x7f\x1b\xc2\xd8\x04U\xd0\xb5&c\
\xf7\xccuW\x07\xaa\xe1\x0e~C\xb7\xd6\xfer\xd4\xf9\
(\xfa\xfc\xf3\xcf\xe9\xd1\xc7\x1e\x15WA\x8a\xaeZ1\
\xbbk\xbc\x8b6y\xd2d\x22\xcd\xdd\xac\x7f\xfd\xf5\x97\
\xb0\x97`2\x99\xc4=7\xc5\xe1};Q\x85\xe2\x5c\
W2*\x8b\x91\xf4\xee\x01P\xb7\xae\xdd(&&Z\
(\x8d\xf1^\xd2C\x87\x0eQ\xbf\xfe\xccV\x82v\x8c\
\xc3\x8c\x98\x1b\xc3w&\x00to\xf7{)33S\
\xf0\xbcp\xe1\x02\xd5o\xc0\x0c\xa5\x18\xdd\xbb\x8b\xeb\xed\
N\x15\x8as]\xc9\xa8(F2\xbag\x82\xdd\xaae\
+Z\xb3z\x0d\xe5\x1a.\xdc\xe5J\x94\x95\x95E#\
G\x8e I\x9d$\xd0*\x0e\xbf\x09\xc0U<\x00\x90\
\x9f\x9f\x1fm\xd9\xb2U\xf0\xcb\xcb\xcb\x13\x97\x0c\xbb\x8b\
S\x059S9\x18\xe3\xdc\xca(ll\xa5yO\x04\
\xc8lgtll,\x16/^\x8c\x8d\x1b7\xe1j\
\xd2UH\x92\x04\x0f\x0f\x0f\xf8\xf9\xf9\x01\xaa\xbd\x83\xbe\
}\xfb\xa2Z\xb5P\xec\xde\xb5\x0bY\xd9\xd9\x00\xf8N\
l\xc6\xd3)Tux\xf4\xfcs\xcfc\xe4\xb3#\xd9\
\x19!Y\xc2w\xdf|\x8b)S\xa7j&\x03\xdc\xc5\
\xb5\x02:\x185\xa9\x82\xae\x17\x19[\x1b\xe7\x96G\xdb\
\xd5\xd2\x8ec\xcc\x163\xd5\xaaU\x8b\xbe\xf9\xfak]\
\x0bDDt\xe4\xe8\x11\xea\xd5\xab\x97p\xcb\x8d\x14j\
-\xe0\xf0\x85\xce\xca\xc1\xc1t\xf2\xc4I\xe1\xf7\xd2\xa5\
K\x14\x19\x19\xc9\xfc9\xc5\xb7\x82\x0a\xa2\x0a\xc5)3\
2*K\xc1\xa4U\x1cN&\x93\x89\xde~\xfbm\xca\
\xce\xce&\x22\x12\xeb/\xd9\xd9\xd94q\xd2d\xf2\xf7\
g\xb7\x9d9\x14\x87\x99\xa85\x99\xd8\xb6\x9a\xd1\xa3G\
3\x7fj\x97\xef\x83\x0f?\x10JS\xa18\xc5\xa3\x0a\
\xc5)SrV\x10WdT\x18\xa8\x83v\xfe\xbbw\
\xef>\xb4\x7f\xff~\xd1rpl\xd8\xb0\x9ej\xd6\x8c\
T\xf90e\xe0JS\xb7n]\x8a\x8a:/\xf6$\
\x5c\xb8p\x81\x22\x22\x22T\x85,\xc8NZ\x05\xb9\xa2\
\x8a1N\x99\xa2h\xe3\x07\xa7\xf1\x09\x00Y=\x0d\x0b\
\x00g\xcf\x9e\xc1\xe2\xc5\x8b\x91\x9b\x9b\x8bV-[\xc1\
\xc3\x93]\xbfQ\xa7N\x1d$^\xbd\x8a-\x9b\xb7\x88\
\xf1\x8e\xa2\x10\xc2\xc3\xc2\xb1`\xc1B\xb4h\xd9\x1c\x8a\
\xa2@\x92d|:\xe13\xfc\xbdf\x8d:\xb61\x86\
V\x81\xc2P\xd0Rt\x05\xae\x0b\x8a \xa8\xeag\xad\
+n\x17\x81\x1f\xc7NMM\xc5\xb8q\xe3\xf0\xc4\x13\
C\x91\x95\x95\xe9\xf0\xa3.^\xf2\xc3\x85m\xdb\xb6\xc5\
\xb2e\xcb\xd0\xa5kg\x10\x11d\xd9\x84\xff6o\xc6\
\x9c9?p\xce.\x17V+P0*\x14\xe7\x86\xa1\
\x10\xe5Q!\xd4Lk\xc4D#\xe7gN\x9d\x81b\
\xb7\x8b^\xdd\xc5\x8b\x17\xc5\xb7\xde\xbd{c\xf9\xf2\xe5\
\xb8\xfb\x9e\xbb\xc5\xee\x80\xe3\xc7\x8f\xe3\xd9\x91#\x91\x92\
\x9c\xcc\xec#\xb8\x8cG\x85\x22\x15\x86\x0a\xc5\xb9\xa1p\
'\xb8\x9aO\x1a\x92T\x82j\x94\x04\x00B\xaaV\x81\
\x97\x97\x17dI\xc6\xd5\xab\xc98\xb0\xf7\x00\x00\xa0F\
\xf5\xea\x985\xf3kT\xadZU(\xcd\xee\xdd\xbb0\
`\xc0\x00\x9c:uJct\xc4\x15\xdc\xc4\xa9\x02\x02\
\x05\xe5^\x05\xca\x0cE\x11T\xad\x169\x10\x14\x14(\
\x8c fee!5\x8d\x99\xab\x1d8`\x10j\xd7\
\xa9\xc5|J\x12V\xadZ\x85\x07\x1e\xf8?\x1c=z\
TX\xe7)\xbc])\xdc\xc5\xed\x8a\x0a\xc5)7p\
\xad\x18\x8eo\xfa'\xdeb\x84\x87\x87;Z\x0f\x09\xc8\
\xb7\xe6#0 \x10#\x9e\x1d)\xdc_\xb9\x12\x8d\x97\
_y\x05\x09\x09\x09\xc2\x0c\x177[\x5c\x81\x92\xa1B\
q\xca%\x8c\xfd4=\xf8\xbc4\x00T\xa9ZU\xbc\
\xf7\xf5\xf5A\xfdz\xf50\xf6\xa3\xb1\xa8_\xbf\x9e\xb0\
\x22\xf4\xd3O?\xe1\xdc\xd9\xb3\xccN\x9d\xfa\xaeb>\
\xa0t\xa8P\x9c\x9b\x1c\xd1W\xa2\x85\x12\x04\x05\x06\xe1\
\xf7%K\xf1\xcak\xaf\xa8\xe3\x1a !!\x01\xf3\xe7\
\xcf\x13[j\x0a\xd7\x17\xae\x96\xe4Ri+\xc0P\xa1\
87)\xf8\xb5\x1f{\xf6\xecA\xa6z\xaf\x8f\xc9d\
BXh(\x14ar\x18\xf8\xea\xab\x198y\xf2$\
\x1b\xd3T43\xd7\x0c\x15\x8asS\xc2a\xe7\xec\xe4\
\xa9\x93\xf8s\xd9\x9f\x80:\x09\x00\xb0\xabU\xf2\xf3\xf3\
0i\xd2$L\x992\x99\xf9\xe0\xc6\x15\x0bD\xa1\x0e\
*\xa0\xa2DF\xd7+P\x1e\xc0\x8a\x8d\x08\x08\x0a\x0a\
\xc2\xb3\xcf>\x8b\x1e=z 0(\x10\x97\xaf\x5c\xc1\
\x82ys\xb1|93^\xe8\xd8\xf9\x5c\x18\x8c\xa2P\
T\x7f\xb7\x1f*\x14\xe7\xa6\x86Cy\x00\xc0l1\xc1\
b\xb6 //_\xddZST\xc1w'\x02E\xf5\
\x7f\xfb\xa1Bqnz\xe8\x95\x87C{6\xa7`\x14\
T\xfcE\xf1\x7f{\xa2Bqn\x19\xb8+\xc6\xc2\x84\
\xdf\x9d?\x14\xc1\xef\xed\x8b\x8a\xc9\x81[\x06\xae\x84\xdc\
\xd5\xbb\x0a\x5c\x0bT(\xcem\x8d\x8a\xd6\xa6\xa4\xa8P\
\x9c[\x0aFa/H1*P\x1aT(\xce-\x07\
\xa3\xf2\x14\x15\x92\x81*P\x10*&\x07*P\x81\x12\
\xe0\xff\x01\x13\x8a\x06\x96\x088\xa4\xee\x00\x00\x00\x00I\
END\xaeB`\x82\
\x00\x00\x04\x89\
\x89\
PNG\x0d\x0a\x1a\x0a\x00\x00\x00\x0dIHDR\x00\
\x00\x00@\x00\x00\x00@\x08\x03\x00\x00\x00\x9d\xb7\x81\xec\
\x00\x00\x00\x04gAMA\x00\x00\xb1\x8f\x0b\xfca\x05\
\x00\x00\x00\x01sRGB\x00\xae\xce\x1c\xe9\x00\x00\x00\
 cHRM\x00\x00z&\x00\x00\x80\x84\x00\x00\xfa\
\x00\x00\x00\x80\xe8\x00\x00u0\x00\x00\xea`\x00\x00:\
\x98\x00\x00\x17p\x9c\xbaQ<\x00\x00\x00\xb7PLT\
E\x00\x00\x00\x00\x00\x00\x00\x00\x00\x00\x00\x00\x00\x00\x00\
\x00\x00\x00\x00\x00\x00\x00\x00\x00\x00\x00\x00\x00\x00\x00\x00\
\x00\x00\x00\x00\x00\x00\x00\x00\x00\x00\x00\x00\x00\x00\x00\x00\
\x00\x00\x00\x00\x00\x00\x00\x00\x00\x00\x00\x00\x00\x00\x00\x00\
\x00\x00\x00\x00\x00\x00\x00\x00\x00\x00\x00\x00\x00\x00\x00\x00\
\x00\x00\x00\x00\x00\x00\x00\x00\x00\x00\x00\x00\x00\x00\x00\x00\
\x00\x00\x00\x00\x00\x00\x00\x00\x00\x00\x00\x00\x00\x00\x00\x00\
\x00\x00\x00\x00\x00\x00\x00\x00\x00\x00\x00\x00\x00\x00\x00\x00\
\x00\x00\x00\x00\x00\x00\x00\x00\x00\x00\x00\x00\x00\x00\x00\x00\
\x00\x00\x00\x00\x00\x00\x00\x00\x00\x00\x00\x00\x00\x00\x00\x00\
\x00\x00\x00\x00\x00\x00\x00\x00\x00\x00\x00\x00\x00\x00\x00\x00\
\x00\x00\x00\x00\x00\xff\xff\xffZ[\xb9Q\x00\x00\x00;\
tRNS\x00\x01\x0a\x18\x1e/\x8b\xc0\xd8\xe1,\x04\
h\xe2\xe0b\x03\xf1\xf0_6\xdf\xfc\xea\xeb\xdd4\x9d\
\xe8p+q\x90\xd9\xfdw\xfe\xf5-.|{\xec\x8d\
2\xdc\xdb0a\xef[`\xde\x5c\x7f\xbf}*\x19J\
\xc6^\x1d\x00\x00\x00\x01bKGD<\xa7ja\xcf\
\x00\x00\x00\x09pHYs\x00\x00\xec8\x00\x00\xec8\
\x01q+\xca8\x00\x00\x00\xe9IDATX\xc3\xed\
\x97\xc7\x12\x830\x0cD\x05!\xa1\xa6'@z'\xbd\
\xf7\xe8\xff\xff+\x82\x99\xe4n\x99\xa3\xf6b.+[\
+\xfb\xcd\x00\x90\x87\x0c\xb3`)\xab`\x1a?{\xb1\
d;\xae\xb2\x1c\xbb\xe4e%\xfc\xa0\x8cLU\xaa5\
*\x10\xd4\xb9~\xc4F\x13\xa0\xd5\xa6\x8f0Ro!\
\x0e\xc9\xd8\xe9B\x8f\x96\xfe`\xa8\x1e\xa27\x8a\xc8:\
\x86\x09\xe2t\xc0\x9b\xddl\x8e\xe8\xc0\x021Jx\xd3\
O\xe8\x08\x0b\xa0c\xb8\x16\xaf\x80\xe5\x92Y\xbf\x00\xb5\
\x10/y\x05\x96q\xda\x02\x858\x1f\xb1\xfc\xc6*\x0b\
1\x1dc4\xf3\xd4\xc7\x98\xac7\xb4\xf7\x16v{\x9d\
\x8bt8\x02\x9c\x1a\xfc\xab|\xbeP+\xfe\xb5\xc2\xf5\
\xdf\xee~\x16F\xf2xr\x9e\xf3\xf3\xf5\xfe\x13\xc1\xfc\
\xe8\x00E\x94J3D\xa1\xb2PY\xa8,T\x16*\
\xe7*\xa1\xb2PY\xa8,T\xce\x91\xcaZ?\xdfz\
\xfa\x02\x04q\xff\xc2\xbd\xd6\xda\xb9\x00\x00\x00%tE\
Xtdate:create\x0020\
18-10-16T13:31:2\
6+02:00\xafs\x9ae\x00\x00\x00%t\
EXtdate:modify\x002\
018-10-16T13:31:\
26+02:00\xde.\x22\xd9\x00\x00\x00F\
tEXtsoftware\x00Ima\
geMagick 6.7.8-9\
 2016-06-16 Q16 \
http://www.image\
magick.org\xe6\xbf4\xb6\x00\x00\
\x00\x18tEXtThumb::Doc\
ument::Pages\x001\xa7\xff\
\xbb/\x00\x00\x00\x18tEXtThumb:\
:Image::height\x005\
12\xc0\xd0PQ\x00\x00\x00\x17tEXtTh\
umb::Image::Widt\
h\x00512\x1c|\x03\xdc\x00\x00\x00\x19tEX\
tThumb::Mimetype\
\x00image/png?\xb2VN\x00\x00\
\x00\x17tEXtThumb::MTi\
me\x001539689486\x9d\x07a\
!\x00\x00\x00\x13tEXtThumb::\
Size\x009.11KBB\xc2R\x80\x03\
\x00\x00\x00`tEXtThumb::U\
RI\x00file://./uplo\
ads/56/ZFIGvVL/1\
615/3706870-cont\
rol-list-menu-op\
tion-playlist_10\
8704.png\xc7|w\x87\x00\x00\x00\x00\
IEND\xaeB`\x82\
\x00\x00\x05E\
\x89\
PNG\x0d\x0a\x1a\x0a\x00\x00\x00\x0dIHDR\x00\
\x00\x02\x00\x00\x00\x02\x00\x08\x04\x00\x00\x00^q\x1cq\
\x00\x00\x05\x0cIDATx\xda\xed\xda1N\x1bQ\
\x18\x85\xd1K\x90\xa0\x08\x8a\xe4\x1d@\x9d\x00\x05+\x88\
\x08E\xd2SS\xc0\x92\x9c(E\xe8Y\x01\x96\x00e\
\x0d\x14\x86\x1a\x85%\x10\x1a\xc8\x88,\x00\xb0\xf4h~\
?\xf9\x9c\xd9\xc0'\xfb\xcd\xe8\xda\x9a\x04\x00\x00\x00\x00\
\x00\x00\x00\x00\x00\x00\x00\x00\x00\x00\x00\x00\x00\x00\x00\x00\
\x00\x00\x00\x00\x00\x00\x00\x00\x00\x00\x00\x00\x00\x00\x00\x00\
\x00\x00\x00\x00\x00\x00\x00\x00\x00\x00\x00\x00\x00\x00\x00\x00\
\x00\x00\x00\x00\x00\x00\x00\x00\x00\x00\x00\x00\x00\x00\x00\x00\
\x00\x00\x00\x00\x00\x00\x00\x00\x00\x00\x00\x00\x00\x00\x00\x00\
\x00\x00\x00\x00\x00\x00\x00\x00\x00\x00\x00\x00\x00\x00\x00\x00\
\x00\x00\x00\x00\x00\x00\x00\x00\x00\x00\x00\x00\x00\x00\x00\x00\
\x00\x00\x00\x00\x00\x00\x00\x00\x00\x00\x00\x00\x00\x00\x00\x00\
\x00\x00\x00\x00\x00\x00\x00\x00\x00\x00\x00\x00\x00\x00\x00\x00\
\x00\x00\x00\x00\x00\x00\x00\x00\x00\x00\x00\x00\x00\x00\x00\x00\
\x00\x00\x00\x00\x00\x00\x00\x00\x00\x00\x00\x00\x00\x00\x00\x00\
\x00\x00X\xaa\x0e\xe8\xd6f\x8e\xb2\x9b\xf5\xbc\xaf\x0eY\
p\xf7\xb9\xc9E~eZ\x1d\xc2\xe2X\xcd\x8f\x0cy\
r\xcd\xcd\xf5/\xe3\xacT\x1f\x8b\x1eY\x00\xedV3\
\xc9\xe7\xea\x08\x9e\xf9\x9d\xafy\xa8\x8e\xe8\xcdru@\
\x87\xc6\xd9\xafN\xe0\x05\x1b\x19eR\x1d\xd1\x1b\x0b\xa0\
\xd5f.\xf3\xae:\x82\x17\x0d\xd9\xceUuD_\x1c\
\xe5VG>\xb3\xb9\xb5\x9c\xc3\xea\x84\xde8\xcc\xad\xbe\
T\x070\xc3^u@o\xfc\x04hu\x97\xb5\xea\x04\
^u\x97\x0f\xd5\x09}\xb1\x00Z=U\x070\x83o\
\xa7\x91\x07@\xab\xdb\xea\x00f\xf8S\x1d\xd0\x1b\x0f\x80\
V\xe7\xd5\x01\xccpV\x1d\xd0\x1b\xff\x01\xb4\xfa\x94K\
oO\xcc\xa9![\xb9\xae\x8e\xe8\x8b\x05\xd0j\x9a\x9f\
\xd5\x09\xbc\xe2\xbb\xdb\xbf\x95\x05\xd0n%\xa7\xd9\xad\x8e\
\xe0\x99\x8b|\xcbcuDo\x8c\xd9vCN2\xca\
\x8e\xf54G\x86\x8cs\xe0\xf6og\x01\xbc\xd5\xc7\x1c\
f/\xeb\xde\x0a(\xf6779\xcb\xb1\xf1\x0f\x00\x00\
\x00\x00\x00\x00\x00\x00\x00\x00\x00\x00\x00\x00\x00\x00\x00\x00\
\x00\x00\x00\x00\x00\x00\x00\x00\x00\x00\x00\x00\x00\x00\x00\x00\
\x00\x00\x00\x00\x00\x00\x00\x00\x00\x00\x00\x00\x00\x8bc\xa9\
:\xa0[\x9b9\xcan\xd6\xf3\xbe:d\xc1\xdd\xe7&\
\x17\xf9\x95iu\x08\x8bc5?2\xe4\xc957\xd7\
\xbf\x8c\xb3R},zd\x01\xb4[\xcd$\x9f\xab#\
x\xe6w\xbe\xe6\xa1:\xa27\xcb\xd5\x01\x1d\x1ag\xbf\
:\x81\x17ld\x94IuDo,\x80V\x9b\xb9\xcc\
\xbb\xea\x08^4d;W\xd5\x11}q\x94[\x1d\xf9\
\xcc\xe6\xd6r\x0e\xab\x13z\xe30\xb7\xfaR\x1d\xc0\x0c\
{\xd5\x01\xbd\xf1\x13\xa0\xd5]\xd6\xaa\x13x\xd5]>\
T'\xf4\xc5\x02h\xf5T\x1d\xc0\x0c\xbe\x9dF\x1e\x00\
\xadn\xab\x03\x98\xe1Ou@o<\x00Z\x9dW\x07\
0\xc3Yu@o\xfc\x07\xd0\xeaS.\xbd=1\xa7\
\x86l\xe5\xba:\xa2/\x16@\xabi~V'\xf0\x8a\
\xefn\xffV\x16@\xbb\x95\x9cf\xb7:\x82g.\xf2\
-\x8f\xd5\x11\xbd1f\xdb\x0d9\xc9(;\xd6\xd3\x1c\
\x192\xce\x81\xdb\xbf\x9d\x05\xf0V\x1fs\x98\xbd\xac{\
+\xa0\xd8\xdf\xdc\xe4,\xc7\xc6?\x00\x00\x00\x00\x00\x00\
\x00\x00\x00\x00\x00\x00\x00\x00\x00\x00\x00\x00\x00\x00\x00\x00\
\x00\x00\x00\x00\x00\x00\x00\x00\x00\x00\x00\x00\x00\x00\x00\x00\
\x00\x00\x00\x00\x00\x00\x00\x00\x00,\x8e\xa5\xea\x80nm\
\xe6(\xbbY\xcf\xfb\xea\x90\x05w\x9f\x9b\x5c\xe4W\xa6\
\xd5!,\x8e\xd5\xfc\xc8\x90'\xd7\xdc\x5c\xff2\xceJ\
\xf5\xb1\xe8\x91\x05\xd0n5\x93|\xae\x8e\xe0\x99\xdf\xf9\
\x9a\x87\xea\x88\xde,W\x07th\x9c\xfd\xea\x04^\xb0\
\x91Q&\xd5\x11\xbd\xb1\x00Zm\xe62\xef\xaa#x\
\xd1\x90\xed\x5cUG\xf4\xc5Qnu\xe43\x9b[\xcb\
9\xacN\xe8\x8d\xc3\xdc\xeaKu\x003\xecU\x07\xf4\
\xc6O\x80VwY\xabN\xe0Uw\xf9P\x9d\xd0\x17\
\x0b\xa0\xd5Su\x003\xf8v\x1ay\x00\xb4\xba\xad\x0e\
`\x86?\xd5\x01\xbd\xf1\x00hu^\x1d\xc0\x0cg\xd5\
\x01\xbd\xf1\x1f@\xabO\xb9\xf4\xf6\xc4\x9c\x1a\xb2\x95\xeb\
\xea\x88\xbeX\x00\xad\xa6\xf9Y\x9d\xc0+\xbe\xbb\xfd[\
Y\x00\xedVr\x9a\xdd\xea\x08\x9e\xb9\xc8\xb7<VG\
\xf4\xc6\x98m7\xe4$\xa3\xecXOsd\xc88\x07\
n\xffv\x16\xc0[}\xcca\xf6\xb2\xee\xad\x80b\x7f\
s\x93\xb3\x1c\x1b\xff\x00\x00\x00\x00\x00\x00\x00\x00\x00\x00\
\x00\x00\x00\x00\x00\x00\x00\x00\x00\x00\x00\x00\x00\x00\x00\x00\
\x00\x00\x00\x00\x00\x00\x00\x00\x00\x00\x00\x00\x00\x00\x00\x00\
\x00\x00\x00\x00\x00\x00\x00\x00\x00\x00\x00\x00\x00\x00\x00\x00\
\x00\x00\x00\x00\x00\x00\x00\x00\x00\x00\x00\x00\x00\x00\x00\x00\
\x00\x00\x00\x00\x00\x00\x00\x00\x00\x00\x00\x00\x00\x00\x00\x00\
\x00\x00\x00\x00\x00\x00\x00\x00\x00\x00\x00\x00\x00\x00\x00\x00\
\x00\x00\x00\x00\x00\x00\x00\x00\x00\x00\x00\x00\x00\x00\x00\x00\
\x00\x00\x00\x00\x00\x00\x00\x00\x00\x00\x00\x00\x00\x00\x00\x00\
\x00\x00\x00\x00\x00\x00\x00\x00\x00\x00\x00\x00\x00\x00\x00\x00\
\x00\x00\x00\x00\x00\x00\x00\x00\x00\x00\x00\x00\x00\x00\x00\x00\
\x00\x00\x00\x00\x00\x00\x00\x00\x00\x00\x00\x00\xc0[\xfd\x07\
\xc7]\xd1\xcc\xe8*\xd3\x96\x00\x00\x00\x00IEND\
\xaeB`\x82\
\x00\x00\x07\xf8\
\x89\
PNG\x0d\x0a\x1a\x0a\x00\x00\x00\x0dIHDR\x00\
\x00\x00 \x00\x00\x00 \x08\x03\x00\x00\x00D\xa4\x8a\xc6\
\x00\x00\x00\x04gAMA\x00\x00\xb1\x8f\x0b\xfca\x05\
\x00\x00\x00\x01sRGB\x00\xae\xce\x1c\xe9\x00\x00\x00\
 cHRM\x00\x00z&\x00\x00\x80\x84\x00\x00\xfa\
\x00\x00\x00\x80\xe8\x00\x00u0\x00\x00\xea`\x00\x00:\
\x98\x00\x00\x17p\x9c\xbaQ<\x00\x00\x02\xa6PLT\
E\x00\x00\x00'\xd0E'\xceE%\xceE(\xd0E\
'\xd1E'\xceD'\xd0D'\xcfD'\xceC'\
\xceG&\xcfE%\xd0C%\xd0G&\xd0D'\xd1\
F'\xcfE'\xd0E'\xd0E'\xd0E'\xd0E\
'\xd0E'\xd0E'\xd0E'\xd0E'\xd0E'\
\xd0E'\xd0E'\xd0E'\xcfD'\xd0E'\xd0\
E'\xd0E'\xd0E'\xd0E'\xd0E'\xd0E\
'\xd0E'\xd0E'\xd0E'\xd0E'\xd0E'\
\xd0E'\xd0E'\xd0E'\xd0E'\xd0E'\xd0\
D'\xd0E'\xd0E&\xcfE'\xd0E'\xcfD\
'\xd0E'\xd0E'\xd0E'\xd0E'\xd0E(\
\xcfE&\xcfD'\xd0E&\xd0E'\xd0E'\xd0\
E'\xd0E'\xd0E'\xd0E'\xd0E'\xd0E\
'\xd0E'\xd0E'\xd0E'\xd0E%\xcfC#\
\xcfB%\xd0C%\xd0D$\xcfB$\xcfC&\xd0\
D+\xd1HO\xd9h~\xe3\x90\xa2\xeb\xaf\xa7\xec\xb4\
\x89\xe5\x99[\xdbr1\xd2MU\xdal\xb3\xee\xbd\xe8\
\xfa\xec\xe3\xf9\xe7\xcf\xf4\xd5\xcd\xf4\xd4\xdc\xf7\xe1\xeb\xfb\
\xed\xc6\xf3\xcek\xdf\x80)\xd1Gx\xe2\x8b\xe5\xf9\xe9\
\xc3\xf2\xcbn\xe0\x83A\xd6[/\xd2L.\xd2K:\
\xd4U_\xdcu\xaa\xed\xb6\xe9\xfa\xec\x9a\xe9\xa8o\xe0\
\x83\x90\xe7\xa01\xd2N\x22\xcfA&\xd0E)\xd0G\
r\xe0\x86\xe7\xfa\xeb\x99\xe9\xa7*\xd1GG\xd7`\xda\
\xf7\xe0\x96\xe8\xa40\xd2M9\xd4Tj\xdf\x7f\xd2\xf5\
\xd8\xad\xed\xb9\xcc\xf4\xd3?\xd5Z\xaf\xee\xba8\xd4T\
\xd7\xf6\xdd\x8c\xe6\x9c!\xcf@X\xdbo\xf4\xfd\xf5\xff\
\xff\xff}\xe3\x8f`\xdcv\xea\xfa\xedU\xdam\xec\xfb\
\xeeb\xddw[\xdbq\xf6\xfd\xf7\xfc\xfe\xfd\x7f\xe3\x91\
9\xd4U\xdb\xf7\xe0\x80\xe3\x91b\xddxK\xd8d6\
\xd3R\xce\xf4\xd5\xef\xfb\xf1O\xd9g\x8e\xe6\x9e\xe8\xfa\
\xebP\xd9he\xde{\xed\xfb\xef\xae\xed\xb95\xd3Q\
+\xd1I\x8a\xe6\x9aN\xd9g\x80\xe3\x92\xf3\xfc\xf5\xc2\
\xf2\xca\x83\xe4\x94\xda\xf7\xdf\xe2\xf9\xe6z\xe2\x8c\xcb\xf4\
\xd3\x9f\xea\xadw\xe1\x8a\xf5\xfd\xf6]\xdcs \xcf?\
t\xe1\x87\xe7\xfa\xeaM\xd8f\x84\xe4\x95\xe1\xf8\xe5H\
\xd7b\x94\xe8\xa2\xd0\xf5\xd6\xde\xf8\xe3\x97\xe8\xa62\xd2\
O\xc5\xf2\xcd*\xd1Hp\xe0\x844\xd3P;\xd4V\
(\xd0F\x97\xe8\xa5q\xe0\x84\xe1\xf9\xe5C\xd6]#\
\xcfA\x9d\xea\xab\xe4\xf9\xe7n\xdf\x82\xa3\xeb\xb0\xd1\xf5\
\xd7\x81\xe4\x92\xb6\xef\xc0\xd5\xf6\xda\xa4\xeb\xb0\x93\xe8\xa2\
\xd6\xf6\xdbi\xde~\xf1\xfc\xf3\xca\xf4\xd2\xeb\xfb\xee\xe6\
\xfa\xe9\xec\xfb\xef\xd7\xf6\xdc\x95\xe8\xa4F\xd7`y\xe2\
\x8cY\xdbp7\xd4S\xba\x85N>\x00\x00\x00Ht\
RNS\x00\x00\x00\x00\x00\x00\x00\x00\x00\x00\x00\x00\x00\
\x00\x00\x00\x03*r\xad\xd5\xf4\xf3\x039\x98\xdf\xfc8\
\x03\x1b\x8a\xea\x196\xc2\xfe\xbf2F\xd9\xd6C\xd8\xc1\
\xc0\x02\x02:\xe9\x02\x93\x02+\xdel\xa5k\x02\x02\x86\
\x02\x1a\xbe3\xd4\xd7?517\xa6\x8f\x04\xf7F\x00\
\x00\x00\x01bKGD\x8a\x85hwv\x00\x00\x00\x09\
pHYs\x00\x00\x0b\x13\x00\x00\x0b\x13\x01\x00\x9a\x9c\
\x18\x00\x00\x02iIDAT8\xcbc`\x80\x02F\
\x01A!a\x11Q\x0f\x0f1\x11a!AqF\x06\
T\xc0(.!)%\xed\x01\x05\xd2R\x922\xb2\xc8\
J\x98\x18\xe5\xe4\x15<P\x80\x82\xbc\x22#3L\x9e\
\x85QI\xd9\x03\x1d\xa8\xa8\xaa\xb1\xb2A\xe4\xd9\x19\xd5\
5<\xb0\x00M-F\x0e\x90<'\xa3\x92\xb6\x07V\
\xa0\xa9\xc4\xc8\x05r\x9f\x9c\x0e\x5c\xc8\xd3\xcb\xdb\xc7\xd7\
\xcf\x1f\xc6\xd5\x95\x03\xba\x94QO\x1e.\x1d\x10\x18\x14\
\x1c\x12\x1a\x16\xee\x07\x13\x91\xd7gd`4\x80\xb9\xdf\
?\x222*:&6.>!1\x09j\x88\xa1\x0c\
#\x83\x91$LyrJjZzFfVvN\
n^8T\x85\xb1\x09\x83\xa9\x14\x84\xe9\x9d\x9fRP\
X\xe4S\xec\xe1\xef[RZV^\x01\x1153e\
\x10\x82\x84\x9fweU\xb5GM-D\xd8/\xbf\xac\
\xce\x17\x12\xa6\xe6\x0c\xc2P\x07\xe4\xd5\xd7f446\
\xf9\x80y%\xcd\xa95\x10K,\x18D \xf2-\xad\
m\xed\x1d\x9d]\xdd\x10\x8d\xbe=\xbda\x10\xaf\x880\
\x88A\x0c\xed\xeb\x9f\xd0>q\xd2\xe4)\x10a\xff\xa9\
\xd3\xa6{\x81Yb\x0c\x10\x1b|g\xa4\xcc\xf4\x9d5\
{\xce\x5c\xa0\x09 \xb33\x1b\xe7A\xcc\xf2\x80)\xe8\
\x99\xbf\xc0\xd3{\xe1\xa2\xc5K\xbc\x96\xd6\x02\x95d\xc4\
.\x83)\x80X\xe1\xb9\xbc\xb7\xce\xcb\xc3\x7f\xc5\xcaU\
a\xab\xd7\xe4e\xf9\xa5\xaf]\x07\xb3\x02\xea\xc8\xc2\xf5\
\x1b\xfc=\x8a\x936\xae\xdd4\xa9k\xd2\xe6-[\xb7\
m\xf7\x86:\x12\xeaM\xbf\x1d;AB\xde\xbbv\xef\
\xd9\xbb/|\xff\x81\xe6\x83\x1ePoB\x03\xcasf\
\xef!/\xa0\xf3\xbc\xbd\x0f\x1f\xf18zl\xe7\x02O\
H@Y\xc2\x82\xda\xf7\xf8\x89\x93G\x97xx\xf9y\
\x9f:u\xe4\xf4\x99\xb3>\xf0\xa0\xd6\x83D\x96\xff\xb9\
\xf3\x17.^\xba\x9c\xb8`\xe6\x8c+W\xe3\xae\xc1\x22\
\xd0\xd8\x8a\x81Q\xc2\x10$\x7fx\xf6\xf5\xf3\xc1\xf3n\
\xdc\xcc\xbdu\xfb\xce\xdd{\xde\x1e\x88\xe8\xe6\xb6\x96\x07\
\x07\xdd\xfd\x07K\xfc}\x0b\x03{&\xf4=\xf4\x81\xc9\
{\xd8\xd8\x82\x92\x94\x9d*\xd8\x11\xa0\x94\xe6\xef\xe9\x8b\
\x94\xe2<\xec\xed@\x99\x83\x87\xd1A\x13{\xa2uT\
c\xe4\x05%k\x0eF-'\xac\xf2\xce\x8c|\x90\x8c\
\xc1\xc6\xef\xa2\x83!\xadb\xef\xca\xc2\x07\xcbZ\xcc\x98\
Y\xcf\xd0F\x11b><\xf3\xca\x18#g^c7\
,\xf9\xdb\xd4\xdc\x1d\x92\xfd\xdd-M\x11\xd2\x00\xae\xa4\
 y\xe8\xeaW\x9a\x00\x00\x00%tEXtda\
te:create\x002017-0\
3-30T13:03:18+02\
:00q\xd2\x0ck\x00\x00\x00%tEXtd\
ate:modify\x002017-\
03-30T13:03:18+0\
2:00\x00\x8f\xb4\xd7\x00\x00\x00FtEXt\
software\x00ImageMa\
gick 6.7.8-9 201\
6-06-16 Q16 http\
://www.imagemagi\
ck.org\xe6\xbf4\xb6\x00\x00\x00\x18tE\
XtThumb::Documen\
t::Pages\x001\xa7\xff\xbb/\x00\x00\
\x00\x18tEXtThumb::Ima\
ge::height\x00512\xc0\xd0\
PQ\x00\x00\x00\x17tEXtThumb:\
:Image::Width\x0051\
2\x1c|\x03\xdc\x00\x00\x00\x19tEXtThu\
mb::Mimetype\x00ima\
ge/png?\xb2VN\x00\x00\x00\x17tE\
XtThumb::MTime\x001\
490871798\x0f/P(\x00\x00\x00\
\x13tEXtThumb::Size\
\x0028.6KBBj\xbd\x0d\x95\x00\x00\x00S\
tEXtThumb::URI\x00f\
ile://./uploads/\
carlosprevi/sYp9\
a3y/1195/1490889\
687-whats-app_82\
529.png\xc8\x13\xdb1\x00\x00\x00\x00I\
END\xaeB`\x82\
\x00\x00\x07}\
\x89\
PNG\x0d\x0a\x1a\x0a\x00\x00\x00\x0dIHDR\x00\
\x00\x02\x00\x00\x00\x02\x00\x08\x06\x00\x00\x00\xf4x\xd4\xfa\
\x00\x00\x00\x04sBIT\x08\x08\x08\x08|\x08d\x88\
\x00\x00\x00\x09pHYs\x00\x00X\x95\x00\x00X\x95\
\x01\xd9m7\xd3\x00\x00\x00\x19tEXtSof\
tware\x00www.inksca\
pe.org\x9b\xee<\x1a\x00\x00\x06\xfaID\
ATx\x9c\xed\xda\xa1N4K\x14\x85\xd1\x9a\xee6\
\x84I\xc6 \xf1<\x00\x02\xde\x08\x89C!Q8\x1c\
<\x0c\x02\x07\x82\x04\x8bG\x8e\x99d\xc8\x98\xee\xce\xef\
\xaf \xa9\xa4:\x90\xbb\xd7\xf2u\xea\xc8\xaf\x92*\x05\
\x00\x00\x00\x00\x00\x00\x00\x00\x00\x00\x00\x00\x00\x00\x00\x00\
\x00\x00\x00\x00\x00\x00\x00\x00\x00\x00\x00\x00\x00\x00\x00\x00\
\x00\x00\x00\x00\x00\x00\x00\x00\x00\x00\x00\x00\x00\x00\x00\x00\
\x00\x00\x00\x00\x00\x00\x00\x00\x00\x00\x00\x00\x00\x00\x00\x00\
\x00\x00\x00\x00\x00\x00\x00\x00\x00\x00\x00\x00\x00\x00\x00\x00\
\x00\x00\x00\x00\x00\x00\x00\x00\x00\x00\x00\x00\x00\x00\x00\x00\
\x00\x00\x00\x00\x00\x00\x00\x00\x00\x00\x00\x00\x00\x00\x00\x00\
\x00\x00\x00\x00\x00\x00\x00\x00\x00\x00\x00\x00\x00\x00\x00\x00\
\x00\x00\x00\x00\x00\x00\x00\x00\x00\x00\x00\x00\x00\x00\x00\x00\
\x00\x00\x00\x00\x00\x00\x00\x00\x00\x00\x00\x00\x00\x00\x00\x00\
\x00\x00\x00\x00\x00\x00\x00\x00\x00\x00\x00\x00\x00\x00\x00\x00\
\x00\x00\x00\x00\x00\x00\x00\x00\x00\x00\x00\x00\x00\x00\x00\x00\
\x00\x00\x00\x00\x00\x00\x00\x00\x00\x00\xfekU{\xe0\xe6\
\xe1\xf5t\x1a\xc6\xdb%\x96\x01\x00\xea\xf5\xe3pw\x7f\
}\xf9Usf\xa8\xbdd\xee\xc7\x93\xd5\xaa\x5c\xd5\x9e\
\x03\x00\x961\xf7\xe3c)\xa5*\x00\xba\x85v\x01\x00\
\xfe0\x01\x00\x00\x81\x04\x00\x00\x04\x12\x00\x00\x10\xa8\xfa\
\x13\xe0O\xd6\xeb\xa3\xd2\xf5\x9a\x02\x00Z\x9b\xa7\xb9\xec\
\xf7\x87f\xf3\x9a\x06\xc0\xf9\xc5Y\xd9l\x8e[\x8e\x04\
\x00J)\xbb\xddwyy\xfeh6\xcfs\x1d\x00\x02\
\x09\x00\x00\x08$\x00\x00 \x90\x00\x00\x80@\x02\x00\x00\
\x02\x09\x00\x00\x08$\x00\x00 \x90\x00\x00\x80@\x02\x00\
\x00\x02\x09\x00\x00\x08$\x00\x00 \x90\x00\x00\x80@\x02\
\x00\x00\x02\x09\x00\x00\x08$\x00\x00 \x90\x00\x00\x80@\
\x02\x00\x00\x02\x09\x00\x00\x08$\x00\x00 \x90\x00\x00\x80\
@\x02\x00\x00\x02\x09\x00\x00\x08$\x00\x00 \x90\x00\x00\
\x80@\x02\x00\x00\x02\x09\x00\x00\x08$\x00\x00 \x90\x00\
\x00\x80@\x02\x00\x00\x02\x09\x00\x00\x08$\x00\x00 \x90\
\x00\x00\x80@\x02\x00\x00\x02\x09\x00\x00\x08$\x00\x00 \
\x90\x00\x00\x80@\x02\x00\x00\x02\x0d-\x87\xbd\xbf}\x96\
\xae\xd7\x14\x00\xd0\xda<\xcdM\xe75\x0d\x80\xfd\xfe\xd0\
r\x1c\x00\xb0\x10\xcfu\x00\x08$\x00\x00 \x90\x00\x00\
\x80@\x02\x00\x00\x02U\x7f\x02\xec\xa6a;\xad\xc6\xa7\
%\x96\x01\x00\xea\xf5\xd3\xb0\xfd\xed\x1d\x00\x00\x00\x00\x00\
\x00\x00\x00\x00\x00\x00\x00\x00\x00\x00\x00\x00\x00\x00\x00\x00\
\x00\x00\x00\x00\x00\x00\x00\x00\x00\x00\x00\x00\x00\x00\x00\x00\
\x00\x00\x00\x00\x00\x00\x00\x00\x00\x00\x00\x00\x00\x00\x00\x00\
\x00\x00\x00\x00\x00\x00\x00\x00\x00\x00\x00\x00\x00\x00\x00\x00\
\x00\x00\x00\x00\x00\x00\x00\x00\x00\x00\x00\x00\x00\x00\x00\x00\
\x00\x00\x00\x00\x00\x00\x00\x00\x00\x00\x00\x00\x00\x00\x00\x00\
\x00\x00\x00\x00\x00\x00\x00\x00\x00\x00\x00\x00\x00\x00\x00\x00\
\x00\x00\x00\x00\x00\x00\x00\x00\x00\x00\x00\x00\x00\x00\x00\x00\
\x00\x00\x00\x00\x00\x00\x00\x00\x00\x00\x00\x00\x00\x00\x00\x00\
\x00\x806V\xb5\x07n\x1e^O\xa7a\xbc]b\x19\
\x00\xa0^?\x0ew\xf7\xd7\x97_5g\x86\xdaK\xe6\
~<Y\xad\xcaU\xed9\x00`\x19s?>\x96R\
\xaa\x02\xa0[h\x17\x00\xe0\x0f\x13\x00\x00\x10H\x00\x00\
@ \x01\x00\x00\x81\xaa?\x01\xfed\xbd>*]\xaf\
)\x00\xa0\xb5y\x9a\xcb~\x7fh6\xafi\x00\x9c_\
\x9c\x95\xcd\xe6\xb8\xe5H\x00\xa0\x94\xb2\xdb}\x97\x97\xe7\
\x8ff\xf3<\xd7\x01 \x90\x00\x00\x80@\x02\x00\x00\x02\
\x09\x00\x00\x08$\x00\x00 \x90\x00\x00\x80@\x02\x00\x00\
\x02\x09\x00\x00\x08$\x00\x00 \x90\x00\x00\x80@\x02\x00\
\x00\x02\x09\x00\x00\x08$\x00\x00 \x90\x00\x00\x80@\x02\
\x00\x00\x02\x09\x00\x00\x08$\x00\x00 \x90\x00\x00\x80@\
\x02\x00\x00\x02\x09\x00\x00\x08$\x00\x00 \x90\x00\x00\x80\
@\x02\x00\x00\x02\x09\x00\x00\x08$\x00\x00 \x90\x00\x00\
\x80@\x02\x00\x00\x02\x09\x00\x00\x08$\x00\x00 \x90\x00\
\x00\x80@\x02\x00\x00\x02\x09\x00\x00\x08$\x00\x00 \x90\
\x00\x00\x80@\x02\x00\x00\x02\x09\x00\x00\x08$\x00\x00 \
\xd0\xd0r\xd8\xfb\xdbg\xe9zM\x01\x00\xad\xcd\xd3\xdc\
t^\xd3\x00\xd8\xef\x0f-\xc7\x01\x00\x0b\xf1\x5c\x07\x80\
@\x02\x00\x00\x02\x09\x00\x00\x08$\x00\x00 P\xf5'\
\xc0n\x1a\xb6\xd3j|Zb\x19\x00\xa0^?\x0d\xdb\
\xdf\xde\x01\x00\x00\x00\x00\x00\x00\x00\x00\x00\x00\x00\x00\x00\
\x00\x00\x00\x00\x00\x00\x00\x00\x00\x00\x00\x00\x00\x00\x00\x00\
\x00\x00\x00\x00\x00\x00\x00\x00\x00\x00\x00\x00\x00\x00\x00\x00\
\x00\x00\x00\x00\x00\x00\x00\x00\x00\x00\x00\x00\x00\x00\x00\x00\
\x00\x00\x00\x00\x00\x00\x00\x00\x00\x00\x00\x00\x00\x00\x00\x00\
\x00\x00\x00\x00\x00\x00\x00\x00\x00\x00\x00\x00\x00\x00\x00\x00\
\x00\x00\x00\x00\x00\x00\x00\x00\x00\x00\x00\x00\x00\x00\x00\x00\
\x00\x00\x00\x00\x00\x00\x00\x00\x00\x00\x00\x00\x00\x00\x00\x00\
\x00\x00\x00\x00\x00\x00\x00\x00\x00\x00\x00\x00\x00\x00\x00\x00\
\x00\x00\x00\x00\x00\x00\x00\x00\x00hcU{\xe0\xe6\xe1\
\xf5t\x1a\xc6\xdb%\x96\x01\x00\xea\xf5\xe3pw\x7f}\
\xf9Usf\xa8\xbdd\xee\xc7\x93\xd5\xaa\x5c\xd5\x9e\x03\
\x00\x961\xf7\xe3c)\xa5*\x00\xba\x85v\x01\x00\xfe\
0\x01\x00\x00\x81\x04\x00\x00\x04\x12\x00\x00\x10\xa8\xfa\x13\
\xe0O\xd6\xeb\xa3\xd2\xf5\x9a\x02\x00Z\x9b\xa7\xb9\xec\xf7\
\x87f\xf3\x9a\x06\xc0\xf9\xc5Y\xd9l\x8e[\x8e\x04\x00\
J)\xbb\xddwyy\xfeh6\xcfs\x1d\x00\x02\x09\
\x00\x00\x08$\x00\x00 \x90\x00\x00\x80@\x02\x00\x00\x02\
\x09\x00\x00\x08$\x00\x00 \x90\x00\x00\x80@\x02\x00\x00\
\x02\x09\x00\x00\x08$\x00\x00 \x90\x00\x00\x80@\x02\x00\
\x00\x02\x09\x00\x00\x08$\x00\x00 \x90\x00\x00\x80@\x02\
\x00\x00\x02\x09\x00\x00\x08$\x00\x00 \x90\x00\x00\x80@\
\x02\x00\x00\x02\x09\x00\x00\x08$\x00\x00 \x90\x00\x00\x80\
@\x02\x00\x00\x02\x09\x00\x00\x08$\x00\x00 \x90\x00\x00\
\x80@\x02\x00\x00\x02\x09\x00\x00\x08$\x00\x00 \x90\x00\
\x00\x80@\x02\x00\x00\x02\x09\x00\x00\x08$\x00\x00 \x90\
\x00\x00\x80@\x02\x00\x00\x02\x0d-\x87\xbd\xbf}\x96\xae\
\xd7\x14\x00\xd0\xda<\xcdM\xe75\x0d\x80\xfd\xfe\xd0r\
\x1c\x00\xb0\x10\xcfu\x00\x08$\x00\x00 \x90\x00\x00\x80\
@\x02\x00\x00\x02U\x7f\x02\xec\xa6a;\xad\xc6\xa7%\
\x96\x01\x00\xea\xf5\xd3\xb0\xfd\xed\x1d\x00\x00\x00\x00\x00\x00\
\x00\x00\x00\x00\x00\x00\x00\x00\x00\x00\x00\x00\x00\x00\x00\x00\
\x00\x00\x00\x00\x00\x00\x00\x00\x00\x00\x00\x00\x00\x00\x00\x00\
\x00\x00\x00\x00\x00\x00\x00\x00\x00\x00\x00\x00\x00\x00\x00\x00\
\x00\x00\x00\x00\x00\x00\x00\x00\x00\x00\x00\x00\x00\x00\x00\x00\
\x00\x00\x00\x00\x00\x00\x00\x00\x00\x00\x00\x00\x00\x00\x00\x00\
\x00\x00\x00\x00\x00\x00\x00\x00\x00\x00\x00\x00\x00\x00\x00\x00\
\x00\x00\x00\x00\x00\x00\x00\x00\x00\x00\x00\x00\x00\x00\x00\x00\
\x00\x00\x00\x00\x00\x00\x00\x00\x00\x00\x00\x00\x00\x00\x00\x00\
\x00\x00\x00\x00\x00\x00\x00\x00\x00\x00\x00\x00\x00\x00\x00\x00\
\x00\x00\x00\x00\x00\x00\x00\x00\x00\x00\x00\x00\x00\x00\x00\x00\
\x00\x00\x00\x00\x00\x00\x00\x00\x00\x00\x00\x00\x00\x00\x00\x00\
\x00\x00\x00\x00\x00\x00\x00\x00\x00\x00\x00\x00\x00\x00\x00\x00\
\x00\x00\x00\x00\xf8?\xf8\x07\xc98{\x10\xb4\xaf\x06\xf4\
\x00\x00\x00\x00IEND\xaeB`\x82\
"

qt_resource_name = b"\
\x00\x0a\
\x0b\xa2\x07c\
\x00m\
\x00y\x00R\x00e\x00c\x00u\x00r\x00s\x00o\x00s\
\x00\x0b\
\x0bH\x8e'\
\x00Y\
\x00o\x00u\x00t\x00u\x00b\x00e\x00.\x00p\x00n\x00g\
\x00\x15\
\x0b\xaaE'\
\x00l\
\x00o\x00g\x00o\x00_\x00s\x00y\x00s\x00d\x00e\x00v\x00_\x002\x004\x000\x00p\x00x\
\x00.\x00p\x00n\x00g\
\x00\x09\
\x05\x84\xb0\xc7\
\x00m\
\x00e\x00n\x00u\x001\x00.\x00p\x00n\x00g\
\x00\x08\
\x0cXY'\
\x00m\
\x00e\x00n\x00u\x00.\x00p\x00n\x00g\
\x00\x0c\
\x07\xceA\xa7\
\x00w\
\x00h\x00a\x00t\x00s\x00A\x00p\x00p\x00.\x00p\x00n\x00g\
\x00\x09\
\x05\x85\xb0\xc7\
\x00m\
\x00e\x00n\x00u\x002\x00.\x00p\x00n\x00g\
"

qt_resource_struct = b"\
\x00\x00\x00\x00\x00\x02\x00\x00\x00\x01\x00\x00\x00\x01\
\x00\x00\x00\x00\x00\x00\x00\x00\
\x00\x00\x00\x00\x00\x02\x00\x00\x00\x06\x00\x00\x00\x02\
\x00\x00\x00\x00\x00\x00\x00\x00\
\x00\x00\x00f\x00\x00\x00\x00\x00\x01\x00\x00el\
\x00\x00\x01\x9e\xb8\xf84\xd3\
\x00\x00\x00\xb2\x00\x00\x00\x00\x00\x01\x00\x00w>\
\x00\x00\x01\x9e\xb8\xf8%d\
\x00\x00\x00\x94\x00\x00\x00\x00\x00\x01\x00\x00oB\
\x00\x00\x01\x9e\xb8\xf8\x08\x1e\
\x00\x00\x00\x1a\x00\x00\x00\x00\x00\x01\x00\x00\x00\x00\
\x00\x00\x01\x9e\xb8\xf7\xa71\
\x00\x00\x006\x00\x00\x00\x00\x00\x01\x00\x00\x02\xc0\
\x00\x00\x01\x9e\xb8\xf8W7\
\x00\x00\x00~\x00\x00\x00\x00\x00\x01\x00\x00i\xf9\
\x00\x00\x01\x9e\xb8\xf8D\x94\
"

def qInitResources():
    QtCore.qRegisterResourceData(0x03, qt_resource_struct, qt_resource_name, qt_resource_data)

def qCleanupResources():
    QtCore.qUnregisterResourceData(0x03, qt_resource_struct, qt_resource_name, qt_resource_data)

qInitResources()
